2026-07-10 11:30:29,594 - INFO - ============================================================
2026-07-10 11:30:29,596 - INFO - НАЧАЛО ОБРАБОТКИ
2026-07-10 11:30:29,600 - INFO - ============================================================
2026-07-10 11:30:29,600 - INFO - Триггеры файлов: {'ДДУ', 'Договор долевого участия'}
2026-07-10 11:30:29,604 - INFO - Используется временная папка для распаковки: C:/Users/solooong/Downloads/Зарегистрированные дду квартиры/Зарегистрированные дду квартиры\_extracted
2026-07-10 11:30:29,608 - INFO - Поиск ZIP-файлов в C:\Users\solooong\Downloads\Зарегистрированные дду квартиры\Зарегистрированные дду квартиры (глубина: 2)...
2026-07-10 11:30:29,625 - INFO - Найдено ZIP-архивов: 121
2026-07-10 11:30:29,662 - INFO - Распакован: C:\Users\solooong\Downloads\Зарегистрированные дду квартиры\Зарегистрированные дду квартиры\102_ Забродина\Documents_1074515564366826735.zip -> C:/Users/solooong/Downloads/Зарегистрированные дду квартиры/Зарегистрированные дду квартиры\_extracted\Documents_1074515564366826735
2026-07-10 11:30:29,697 - INFO - Распакован: C:\Users\solooong\Downloads\Зарегистрированные дду квартиры\Зарегистрированные дду квартиры\103_Положенцева\Documents_7860453465731335770.zip -> C:/Users/solooong/Downloads/Зарегистрированные дду квартиры/Зарегистрированные дду квартиры\_extracted\Documents_7860453465731335770
2026-07-10 11:30:29,732 - INFO - Распакован: C:\Users\solooong\Downloads\Зарегистрированные дду квартиры\Зарегистрированные дду квартиры\104 _ Мельчинов\Дополненный архив документов 2024-06-27-82226.zip -> C:/Users/solooong/Downloads/Зарегистрированные дду квартиры/Зарегистрированные дду квартиры\_extracted\Дополненный архив документов 2024-06-27-82226
2026-07-10 11:30:29,766 - INFO - Распакован: C:\Users\solooong\Downloads\Зарегистрированные дду квартиры\Зарегистрированные дду квартиры\105_ Галин\Documents_5827230277682592127.zip -> C:/Users/solooong/Downloads/Зарегистрированные дду квартиры/Зарегистрированные дду квартиры\_extracted\Documents_5827230277682592127
2026-07-10 11:30:29,801 - INFO - Распакован: C:\Users\solooong\Downloads\Зарегистрированные дду квартиры\Зарегистрированные дду квартиры\106_Шапошников\Documents_8603571619216735556.zip -> C:/Users/solooong/Downloads/Зарегистрированные дду квартиры/Зарегистрированные дду квартиры\_extracted\Documents_8603571619216735556
2026-07-10 11:30:29,856 - INFO - Распакован: C:\Users\solooong\Downloads\Зарегистрированные дду квартиры\Зарегистрированные дду квартиры\107_Бугримова\BC-2025-01-22-665816.zip -> C:/Users/solooong/Downloads/Зарегистрированные дду квартиры/Зарегистрированные дду квартиры\_extracted\BC-2025-01-22-665816
2026-07-10 11:30:29,929 - INFO - Распакован: C:\Users\solooong\Downloads\Зарегистрированные дду квартиры\Зарегистрированные дду квартиры\107_Бугримова\ДС К ДДУ\BC-2025-07-02-222679.zip -> C:/Users/solooong/Downloads/Зарегистрированные дду квартиры/Зарегистрированные дду квартиры\_extracted\BC-2025-07-02-222679
2026-07-10 11:30:29,969 - INFO - Распакован: C:\Users\solooong\Downloads\Зарегистрированные дду квартиры\Зарегистрированные дду квартиры\108_Ловцова\Documents_3852993268273653978.zip -> C:/Users/solooong/Downloads/Зарегистрированные дду квартиры/Зарегистрированные дду квартиры\_extracted\Documents_3852993268273653978
2026-07-10 11:30:30,011 - INFO - Распакован: C:\Users\solooong\Downloads\Зарегистрированные дду квартиры\Зарегистрированные дду квартиры\109_Сердюк\Documents_8972121337356867218.zip -> C:/Users/solooong/Downloads/Зарегистрированные дду квартиры/Зарегистрированные дду квартиры\_extracted\Documents_8972121337356867218
2026-07-10 11:30:30,076 - INFO - Распакован: C:\Users\solooong\Downloads\Зарегистрированные дду квартиры\Зарегистрированные дду квартиры\10_Егорова\BC-2025-02-28-877604.zip -> C:/Users/solooong/Downloads/Зарегистрированные дду квартиры/Зарегистрированные дду квартиры\_extracted\BC-2025-02-28-877604
2026-07-10 11:30:30,112 - INFO - Распакован: C:\Users\solooong\Downloads\Зарегистрированные дду квартиры\Зарегистрированные дду квартиры\111_Жабэ\Documents_4373004043107151059.zip -> C:/Users/solooong/Downloads/Зарегистрированные дду квартиры/Зарегистрированные дду квартиры\_extracted\Documents_4373004043107151059
2026-07-10 11:30:30,187 - INFO - Распакован: C:\Users\solooong\Downloads\Зарегистрированные дду квартиры\Зарегистрированные дду квартиры\112_Радионова\BC-2026-04-29-522586.zip -> C:/Users/solooong/Downloads/Зарегистрированные дду квартиры/Зарегистрированные дду квартиры\_extracted\BC-2026-04-29-522586
2026-07-10 11:30:30,263 - INFO - Распакован: C:\Users\solooong\Downloads\Зарегистрированные дду квартиры\Зарегистрированные дду квартиры\113_Селиванов\Селиванов из РР.zip -> C:/Users/solooong/Downloads/Зарегистрированные дду квартиры/Зарегистрированные дду квартиры\_extracted\Селиванов из РР
2026-07-10 11:30:30,299 - INFO - Распакован: C:\Users\solooong\Downloads\Зарегистрированные дду квартиры\Зарегистрированные дду квартиры\114_Эрхетуева\Documents_1037395361203401208.zip -> C:/Users/solooong/Downloads/Зарегистрированные дду квартиры/Зарегистрированные дду квартиры\_extracted\Documents_1037395361203401208
2026-07-10 11:30:30,342 - INFO - Распакован: C:\Users\solooong\Downloads\Зарегистрированные дду квартиры\Зарегистрированные дду квартиры\115_Голдобин\Documents_4817311965214505197.zip -> C:/Users/solooong/Downloads/Зарегистрированные дду квартиры/Зарегистрированные дду квартиры\_extracted\Documents_4817311965214505197
2026-07-10 11:30:30,376 - INFO - Распакован: C:\Users\solooong\Downloads\Зарегистрированные дду квартиры\Зарегистрированные дду квартиры\115_Голдобин\доп соглашение.zip -> C:/Users/solooong/Downloads/Зарегистрированные дду квартиры/Зарегистрированные дду квартиры\_extracted\доп соглашение
2026-07-10 11:30:30,419 - INFO - Распакован: C:\Users\solooong\Downloads\Зарегистрированные дду квартиры\Зарегистрированные дду квартиры\117_Кулешова\Documents_4773871225866445433.zip -> C:/Users/solooong/Downloads/Зарегистрированные дду квартиры/Зарегистрированные дду квартиры\_extracted\Documents_4773871225866445433
2026-07-10 11:30:30,478 - INFO - Распакован: C:\Users\solooong\Downloads\Зарегистрированные дду квартиры\Зарегистрированные дду квартиры\120_Брыксина\BC-2025-08-18-512521.zip -> C:/Users/solooong/Downloads/Зарегистрированные дду квартиры/Зарегистрированные дду квартиры\_extracted\BC-2025-08-18-512521
2026-07-10 11:30:30,517 - INFO - Распакован: C:\Users\solooong\Downloads\Зарегистрированные дду квартиры\Зарегистрированные дду квартиры\122_Васильева\Documents_791700728534473812.zip -> C:/Users/solooong/Downloads/Зарегистрированные дду квартиры/Зарегистрированные дду квартиры\_extracted\Documents_791700728534473812
2026-07-10 11:30:30,601 - INFO - Распакован: C:\Users\solooong\Downloads\Зарегистрированные дду квартиры\Зарегистрированные дду квартиры\123_Галичкин\Documents_8476151495300314955.zip -> C:/Users/solooong/Downloads/Зарегистрированные дду квартиры/Зарегистрированные дду квартиры\_extracted\Documents_8476151495300314955
2026-07-10 11:30:30,692 - INFO - Распакован: C:\Users\solooong\Downloads\Зарегистрированные дду квартиры\Зарегистрированные дду квартиры\124_Шева\Documents_3684922310969928044.zip -> C:/Users/solooong/Downloads/Зарегистрированные дду квартиры/Зарегистрированные дду квартиры\_extracted\Documents_3684922310969928044
2026-07-10 11:30:30,810 - INFO - Распакован: C:\Users\solooong\Downloads\Зарегистрированные дду квартиры\Зарегистрированные дду квартиры\127_Ряскин\BC-2024-11-19-744891.zip -> C:/Users/solooong/Downloads/Зарегистрированные дду квартиры/Зарегистрированные дду квартиры\_extracted\BC-2024-11-19-744891
2026-07-10 11:30:30,894 - INFO - Распакован: C:\Users\solooong\Downloads\Зарегистрированные дду квартиры\Зарегистрированные дду квартиры\129_ Гунбин\Documents_443926992057358120.zip -> C:/Users/solooong/Downloads/Зарегистрированные дду квартиры/Зарегистрированные дду квартиры\_extracted\Documents_443926992057358120
2026-07-10 11:30:30,971 - INFO - Распакован: C:\Users\solooong\Downloads\Зарегистрированные дду квартиры\Зарегистрированные дду квартиры\12_Муренко\Дополненный архив документов 2024-06-05-22660.zip -> C:/Users/solooong/Downloads/Зарегистрированные дду квартиры/Зарегистрированные дду квартиры\_extracted\Дополненный архив документов 2024-06-05-22660
2026-07-10 11:30:31,088 - INFO - Распакован: C:\Users\solooong\Downloads\Зарегистрированные дду квартиры\Зарегистрированные дду квартиры\12_Муренко\Пакет-обращение 2024-06-10-45172.zip -> C:/Users/solooong/Downloads/Зарегистрированные дду квартиры/Зарегистрированные дду квартиры\_extracted\Пакет-обращение 2024-06-10-45172
2026-07-10 11:30:31,176 - INFO - Распакован: C:\Users\solooong\Downloads\Зарегистрированные дду квартиры\Зарегистрированные дду квартиры\12_Муренко\уступка передано нам 04.09.2025\BC-2025-08-20-233713.zip -> C:/Users/solooong/Downloads/Зарегистрированные дду квартиры/Зарегистрированные дду квартиры\_extracted\BC-2025-08-20-233713
2026-07-10 11:30:31,269 - INFO - Распакован: C:\Users\solooong\Downloads\Зарегистрированные дду квартиры\Зарегистрированные дду квартиры\130_Чернопазов\Documents_4390794901033460167.zip -> C:/Users/solooong/Downloads/Зарегистрированные дду квартиры/Зарегистрированные дду квартиры\_extracted\Documents_4390794901033460167
2026-07-10 11:30:31,349 - INFO - Распакован: C:\Users\solooong\Downloads\Зарегистрированные дду квартиры\Зарегистрированные дду квартиры\131_Эсартия\Documents_2420422550556708700.zip -> C:/Users/solooong/Downloads/Зарегистрированные дду квартиры/Зарегистрированные дду квартиры\_extracted\Documents_2420422550556708700
2026-07-10 11:30:31,430 - INFO - Распакован: C:\Users\solooong\Downloads\Зарегистрированные дду квартиры\Зарегистрированные дду квартиры\132_Мотаев\Documents_8276604270263686716.zip -> C:/Users/solooong/Downloads/Зарегистрированные дду квартиры/Зарегистрированные дду квартиры\_extracted\Documents_8276604270263686716
2026-07-10 11:30:31,532 - INFO - Распакован: C:\Users\solooong\Downloads\Зарегистрированные дду квартиры\Зарегистрированные дду квартиры\133\BC-2025-12-29-272133.zip -> C:/Users/solooong/Downloads/Зарегистрированные дду квартиры/Зарегистрированные дду квартиры\_extracted\BC-2025-12-29-272133
2026-07-10 11:30:31,618 - INFO - Распакован: C:\Users\solooong\Downloads\Зарегистрированные дду квартиры\Зарегистрированные дду квартиры\134_Бухвалов\Дополненный архив документов для продавца 2025-07-17-56110.zip -> C:/Users/solooong/Downloads/Зарегистрированные дду квартиры/Зарегистрированные дду квартиры\_extracted\Дополненный архив документов для продавца 2025-07-17-56110
2026-07-10 11:30:31,722 - INFO - Распакован: C:\Users\solooong\Downloads\Зарегистрированные дду квартиры\Зарегистрированные дду квартиры\135_Баранов\BC-2026-06-30-590739.zip -> C:/Users/solooong/Downloads/Зарегистрированные дду квартиры/Зарегистрированные дду квартиры\_extracted\BC-2026-06-30-590739
2026-07-10 11:30:31,802 - INFO - Распакован: C:\Users\solooong\Downloads\Зарегистрированные дду квартиры\Зарегистрированные дду квартиры\13_Русанов\Дополненный архив документов для продавца 2025-08-01-13230.zip -> C:/Users/solooong/Downloads/Зарегистрированные дду квартиры/Зарегистрированные дду квартиры\_extracted\Дополненный архив документов для продавца 2025-08-01-13230
2026-07-10 11:30:31,906 - INFO - Распакован: C:\Users\solooong\Downloads\Зарегистрированные дду квартиры\Зарегистрированные дду квартиры\142\BC-2025-12-26-533694.zip -> C:/Users/solooong/Downloads/Зарегистрированные дду квартиры/Зарегистрированные дду квартиры\_extracted\BC-2025-12-26-533694
2026-07-10 11:30:32,002 - INFO - Распакован: C:\Users\solooong\Downloads\Зарегистрированные дду квартиры\Зарегистрированные дду квартиры\146_Комиссарова\BC-2025-09-17-100098.zip -> C:/Users/solooong/Downloads/Зарегистрированные дду квартиры/Зарегистрированные дду квартиры\_extracted\BC-2025-09-17-100098
2026-07-10 11:30:32,087 - INFO - Распакован: C:\Users\solooong\Downloads\Зарегистрированные дду квартиры\Зарегистрированные дду квартиры\14_Торопов\Documents_404885616260964418.zip -> C:/Users/solooong/Downloads/Зарегистрированные дду квартиры/Зарегистрированные дду квартиры\_extracted\Documents_404885616260964418
2026-07-10 11:30:32,185 - INFO - Распакован: C:\Users\solooong\Downloads\Зарегистрированные дду квартиры\Зарегистрированные дду квартиры\151_Комиссарова\BC-2025-09-17-101008.zip -> C:/Users/solooong/Downloads/Зарегистрированные дду квартиры/Зарегистрированные дду квартиры\_extracted\BC-2025-09-17-101008
2026-07-10 11:30:32,297 - INFO - Распакован: C:\Users\solooong\Downloads\Зарегистрированные дду квартиры\Зарегистрированные дду квартиры\15_Абраменко\BC-2024-06-13-101145.zip -> C:/Users/solooong/Downloads/Зарегистрированные дду квартиры/Зарегистрированные дду квартиры\_extracted\BC-2024-06-13-101145
2026-07-10 11:30:32,380 - INFO - Распакован: C:\Users\solooong\Downloads\Зарегистрированные дду квартиры\Зарегистрированные дду квартиры\16_Агейкина\Documents_6882705430147403460.zip -> C:/Users/solooong/Downloads/Зарегистрированные дду квартиры/Зарегистрированные дду квартиры\_extracted\Documents_6882705430147403460
2026-07-10 11:30:32,453 - INFO - Распакован: C:\Users\solooong\Downloads\Зарегистрированные дду квартиры\Зарегистрированные дду квартиры\17_Волков\Дополненный архив документов 2024-06-05-38659.zip -> C:/Users/solooong/Downloads/Зарегистрированные дду квартиры/Зарегистрированные дду квартиры\_extracted\Дополненный архив документов 2024-06-05-38659
2026-07-10 11:30:32,533 - INFO - Распакован: C:\Users\solooong\Downloads\Зарегистрированные дду квартиры\Зарегистрированные дду квартиры\18\BC-2024-06-21-350916.zip -> C:/Users/solooong/Downloads/Зарегистрированные дду квартиры/Зарегистрированные дду квартиры\_extracted\BC-2024-06-21-350916
2026-07-10 11:30:32,634 - INFO - Распакован: C:\Users\solooong\Downloads\Зарегистрированные дду квартиры\Зарегистрированные дду квартиры\19\19.zip -> C:/Users/solooong/Downloads/Зарегистрированные дду квартиры/Зарегистрированные дду квартиры\_extracted\19
2026-07-10 11:30:32,735 - INFO - Распакован: C:\Users\solooong\Downloads\Зарегистрированные дду квартиры\Зарегистрированные дду квартиры\1_Ховякова\BC-2024-11-22-150055.zip -> C:/Users/solooong/Downloads/Зарегистрированные дду квартиры/Зарегистрированные дду квартиры\_extracted\BC-2024-11-22-150055
2026-07-10 11:30:32,817 - INFO - Распакован: C:\Users\solooong\Downloads\Зарегистрированные дду квартиры\Зарегистрированные дду квартиры\20 _Мурашова\Documents_7806890773033933773.zip -> C:/Users/solooong/Downloads/Зарегистрированные дду квартиры/Зарегистрированные дду квартиры\_extracted\Documents_7806890773033933773
2026-07-10 11:30:32,951 - INFO - Распакован: C:\Users\solooong\Downloads\Зарегистрированные дду квартиры\Зарегистрированные дду квартиры\21_ Боженарь\BC-2024-08-05-655324 (1).zip -> C:/Users/solooong/Downloads/Зарегистрированные дду квартиры/Зарегистрированные дду квартиры\_extracted\BC-2024-08-05-655324 (1)
2026-07-10 11:30:33,070 - INFO - Распакован: C:\Users\solooong\Downloads\Зарегистрированные дду квартиры\Зарегистрированные дду квартиры\22_Русанова\BC-2025-08-21-219152.zip -> C:/Users/solooong/Downloads/Зарегистрированные дду квартиры/Зарегистрированные дду квартиры\_extracted\BC-2025-08-21-219152
2026-07-10 11:30:33,157 - INFO - Распакован: C:\Users\solooong\Downloads\Зарегистрированные дду квартиры\Зарегистрированные дду квартиры\23_Маслов\Documents_6644106553419910809.zip -> C:/Users/solooong/Downloads/Зарегистрированные дду квартиры/Зарегистрированные дду квартиры\_extracted\Documents_6644106553419910809
2026-07-10 11:30:33,244 - INFO - Распакован: C:\Users\solooong\Downloads\Зарегистрированные дду квартиры\Зарегистрированные дду квартиры\24_ Желязовская\Documents_8220996896799257140.zip -> C:/Users/solooong/Downloads/Зарегистрированные дду квартиры/Зарегистрированные дду квартиры\_extracted\Documents_8220996896799257140
2026-07-10 11:30:33,367 - INFO - Распакован: C:\Users\solooong\Downloads\Зарегистрированные дду квартиры\Зарегистрированные дду квартиры\25_Карабина\BC-2025-11-21-344834.zip -> C:/Users/solooong/Downloads/Зарегистрированные дду квартиры/Зарегистрированные дду квартиры\_extracted\BC-2025-11-21-344834
2026-07-10 11:30:33,466 - INFO - Распакован: C:\Users\solooong\Downloads\Зарегистрированные дду квартиры\Зарегистрированные дду квартиры\26\BC-2025-01-20-635772.zip -> C:/Users/solooong/Downloads/Зарегистрированные дду квартиры/Зарегистрированные дду квартиры\_extracted\BC-2025-01-20-635772
2026-07-10 11:30:33,548 - INFO - Распакован: C:\Users\solooong\Downloads\Зарегистрированные дду квартиры\Зарегистрированные дду квартиры\27_Сафрейтор\Documents_6447571659474434874.zip -> C:/Users/solooong/Downloads/Зарегистрированные дду квартиры/Зарегистрированные дду квартиры\_extracted\Documents_6447571659474434874
2026-07-10 11:30:33,674 - INFO - Распакован: C:\Users\solooong\Downloads\Зарегистрированные дду квартиры\Зарегистрированные дду квартиры\28_Мазотов\BC-2024-06-13-771541.zip -> C:/Users/solooong/Downloads/Зарегистрированные дду квартиры/Зарегистрированные дду квартиры\_extracted\BC-2024-06-13-771541
2026-07-10 11:30:33,747 - INFO - Распакован: C:\Users\solooong\Downloads\Зарегистрированные дду квартиры\Зарегистрированные дду квартиры\29_Мяленко\Documents_9076742445171080843.zip -> C:/Users/solooong/Downloads/Зарегистрированные дду квартиры/Зарегистрированные дду квартиры\_extracted\Documents_9076742445171080843
2026-07-10 11:30:33,837 - INFO - Распакован: C:\Users\solooong\Downloads\Зарегистрированные дду квартиры\Зарегистрированные дду квартиры\30_Куканова\BC-2024-06-11-317716.zip -> C:/Users/solooong/Downloads/Зарегистрированные дду квартиры/Зарегистрированные дду квартиры\_extracted\BC-2024-06-11-317716
2026-07-10 11:30:33,914 - INFO - Распакован: C:\Users\solooong\Downloads\Зарегистрированные дду квартиры\Зарегистрированные дду квартиры\31_ Ахмедов\Дополненный архив документов 2024-06-26-48638.zip -> C:/Users/solooong/Downloads/Зарегистрированные дду квартиры/Зарегистрированные дду квартиры\_extracted\Дополненный архив документов 2024-06-26-48638
2026-07-10 11:30:33,993 - INFO - Распакован: C:\Users\solooong\Downloads\Зарегистрированные дду квартиры\Зарегистрированные дду квартиры\32_Худолеева\Дополненный архив документов 2024-06-19-91850.zip -> C:/Users/solooong/Downloads/Зарегистрированные дду квартиры/Зарегистрированные дду квартиры\_extracted\Дополненный архив документов 2024-06-19-91850
2026-07-10 11:30:34,119 - INFO - Распакован: C:\Users\solooong\Downloads\Зарегистрированные дду квартиры\Зарегистрированные дду квартиры\33_Иванов\BC-2024-06-11-662722.zip -> C:/Users/solooong/Downloads/Зарегистрированные дду квартиры/Зарегистрированные дду квартиры\_extracted\BC-2024-06-11-662722
2026-07-10 11:30:34,207 - INFO - Распакован: C:\Users\solooong\Downloads\Зарегистрированные дду квартиры\Зарегистрированные дду квартиры\34_Колбун\Новая папка (25).zip -> C:/Users/solooong/Downloads/Зарегистрированные дду квартиры/Зарегистрированные дду квартиры\_extracted\Новая папка (25)
2026-07-10 11:30:34,324 - INFO - Распакован: C:\Users\solooong\Downloads\Зарегистрированные дду квартиры\Зарегистрированные дду квартиры\35_Ямщикова\BC-2025-09-30-136921.zip -> C:/Users/solooong/Downloads/Зарегистрированные дду квартиры/Зарегистрированные дду квартиры\_extracted\BC-2025-09-30-136921
2026-07-10 11:30:34,402 - INFO - Распакован: C:\Users\solooong\Downloads\Зарегистрированные дду квартиры\Зарегистрированные дду квартиры\36_ Васюхно\Documents_5700868756560114214.zip -> C:/Users/solooong/Downloads/Зарегистрированные дду квартиры/Зарегистрированные дду квартиры\_extracted\Documents_5700868756560114214
2026-07-10 11:30:34,482 - INFO - Распакован: C:\Users\solooong\Downloads\Зарегистрированные дду квартиры\Зарегистрированные дду квартиры\37_Венгер\Documents_1188713993686814612.zip -> C:/Users/solooong/Downloads/Зарегистрированные дду квартиры/Зарегистрированные дду квартиры\_extracted\Documents_1188713993686814612
2026-07-10 11:30:34,566 - INFO - Распакован: C:\Users\solooong\Downloads\Зарегистрированные дду квартиры\Зарегистрированные дду квартиры\39_Комиссарова\Documents_4987228492858813976.zip -> C:/Users/solooong/Downloads/Зарегистрированные дду квартиры/Зарегистрированные дду квартиры\_extracted\Documents_4987228492858813976
2026-07-10 11:30:34,644 - INFO - Распакован: C:\Users\solooong\Downloads\Зарегистрированные дду квартиры\Зарегистрированные дду квартиры\3_ Евсеева\Дополненный архив документов 2024-06-20-55383.zip -> C:/Users/solooong/Downloads/Зарегистрированные дду квартиры/Зарегистрированные дду квартиры\_extracted\Дополненный архив документов 2024-06-20-55383
2026-07-10 11:30:34,728 - INFO - Распакован: C:\Users\solooong\Downloads\Зарегистрированные дду квартиры\Зарегистрированные дду квартиры\40_Кожубекова\Documents_5994054699294268455.zip -> C:/Users/solooong/Downloads/Зарегистрированные дду квартиры/Зарегистрированные дду квартиры\_extracted\Documents_5994054699294268455
2026-07-10 11:30:34,906 - INFO - Распакован: C:\Users\solooong\Downloads\Зарегистрированные дду квартиры\Зарегистрированные дду квартиры\41_Чумак\BC-2026-04-20-588476.zip -> C:/Users/solooong/Downloads/Зарегистрированные дду квартиры/Зарегистрированные дду квартиры\_extracted\BC-2026-04-20-588476
2026-07-10 11:30:35,010 - INFO - Распакован: C:\Users\solooong\Downloads\Зарегистрированные дду квартиры\Зарегистрированные дду квартиры\42_Кирбятьев\Documents_1436245305439644815.zip -> C:/Users/solooong/Downloads/Зарегистрированные дду квартиры/Зарегистрированные дду квартиры\_extracted\Documents_1436245305439644815
2026-07-10 11:30:35,094 - INFO - Распакован: C:\Users\solooong\Downloads\Зарегистрированные дду квартиры\Зарегистрированные дду квартиры\43_Силин\Documents_2337534379171853744.zip -> C:/Users/solooong/Downloads/Зарегистрированные дду квартиры/Зарегистрированные дду квартиры\_extracted\Documents_2337534379171853744
2026-07-10 11:30:35,213 - INFO - Распакован: C:\Users\solooong\Downloads\Зарегистрированные дду квартиры\Зарегистрированные дду квартиры\45_Медведева\BC-2025-08-06-395225.zip -> C:/Users/solooong/Downloads/Зарегистрированные дду квартиры/Зарегистрированные дду квартиры\_extracted\BC-2025-08-06-395225
2026-07-10 11:30:35,307 - INFO - Распакован: C:\Users\solooong\Downloads\Зарегистрированные дду квартиры\Зарегистрированные дду квартиры\46_Завальников\BC-2025-04-25-363967.zip -> C:/Users/solooong/Downloads/Зарегистрированные дду квартиры/Зарегистрированные дду квартиры\_extracted\BC-2025-04-25-363967
2026-07-10 11:30:35,391 - INFO - Распакован: C:\Users\solooong\Downloads\Зарегистрированные дду квартиры\Зарегистрированные дду квартиры\47_Косторева\Documents_3096851148634922826.zip -> C:/Users/solooong/Downloads/Зарегистрированные дду квартиры/Зарегистрированные дду квартиры\_extracted\Documents_3096851148634922826
2026-07-10 11:30:35,473 - INFO - Распакован: C:\Users\solooong\Downloads\Зарегистрированные дду квартиры\Зарегистрированные дду квартиры\48_Мукушев\Дополненный архив документов для продавца 2025-02-03-88924.zip -> C:/Users/solooong/Downloads/Зарегистрированные дду квартиры/Зарегистрированные дду квартиры\_extracted\Дополненный архив документов для продавца 2025-02-03-88924
2026-07-10 11:30:35,555 - INFO - Распакован: C:\Users\solooong\Downloads\Зарегистрированные дду квартиры\Зарегистрированные дду квартиры\49_Златкевич\Documents_6152969535863809473.zip -> C:/Users/solooong/Downloads/Зарегистрированные дду квартиры/Зарегистрированные дду квартиры\_extracted\Documents_6152969535863809473
2026-07-10 11:30:35,686 - INFO - Распакован: C:\Users\solooong\Downloads\Зарегистрированные дду квартиры\Зарегистрированные дду квартиры\4_Пархоменко\4_Пархоменко\BC-2025-11-19-629230.zip -> C:/Users/solooong/Downloads/Зарегистрированные дду квартиры/Зарегистрированные дду квартиры\_extracted\BC-2025-11-19-629230
2026-07-10 11:30:35,765 - INFO - Распакован: C:\Users\solooong\Downloads\Зарегистрированные дду квартиры\Зарегистрированные дду квартиры\4_Пархоменко\расторжение Ховякова\Дополненный архив документов 2024-06-14-23504.zip -> C:/Users/solooong/Downloads/Зарегистрированные дду квартиры/Зарегистрированные дду квартиры\_extracted\Дополненный архив документов 2024-06-14-23504
2026-07-10 11:30:35,934 - INFO - Распакован: C:\Users\solooong\Downloads\Зарегистрированные дду квартиры\Зарегистрированные дду квартиры\50_Морозов\BC-2025-05-19-321718.zip -> C:/Users/solooong/Downloads/Зарегистрированные дду квартиры/Зарегистрированные дду квартиры\_extracted\BC-2025-05-19-321718
2026-07-10 11:30:36,013 - INFO - Распакован: C:\Users\solooong\Downloads\Зарегистрированные дду квартиры\Зарегистрированные дду квартиры\51_Гаспарян\Documents_8604927124584275934.zip -> C:/Users/solooong/Downloads/Зарегистрированные дду квартиры/Зарегистрированные дду квартиры\_extracted\Documents_8604927124584275934
2026-07-10 11:30:36,096 - INFO - Распакован: C:\Users\solooong\Downloads\Зарегистрированные дду квартиры\Зарегистрированные дду квартиры\52_Русинов\Documents_3066356146949835136.zip -> C:/Users/solooong/Downloads/Зарегистрированные дду квартиры/Зарегистрированные дду квартиры\_extracted\Documents_3066356146949835136
2026-07-10 11:30:36,198 - INFO - Распакован: C:\Users\solooong\Downloads\Зарегистрированные дду квартиры\Зарегистрированные дду квартиры\53_Калашникова\BC-2025-09-10-134585.zip -> C:/Users/solooong/Downloads/Зарегистрированные дду квартиры/Зарегистрированные дду квартиры\_extracted\BC-2025-09-10-134585
2026-07-10 11:30:36,278 - INFO - Распакован: C:\Users\solooong\Downloads\Зарегистрированные дду квартиры\Зарегистрированные дду квартиры\54_Коротаева\Дополненный архив документов 2024-06-06-49709.zip -> C:/Users/solooong/Downloads/Зарегистрированные дду квартиры/Зарегистрированные дду квартиры\_extracted\Дополненный архив документов 2024-06-06-49709
2026-07-10 11:30:36,368 - INFO - Распакован: C:\Users\solooong\Downloads\Зарегистрированные дду квартиры\Зарегистрированные дду квартиры\55_Белоусов\Documents_7666675843438205681.zip -> C:/Users/solooong/Downloads/Зарегистрированные дду квартиры/Зарегистрированные дду квартиры\_extracted\Documents_7666675843438205681
2026-07-10 11:30:36,437 - INFO - Распакован: C:\Users\solooong\Downloads\Зарегистрированные дду квартиры\Зарегистрированные дду квартиры\56_Томильцевы\2.zip -> C:/Users/solooong/Downloads/Зарегистрированные дду квартиры/Зарегистрированные дду квартиры\_extracted\2
2026-07-10 11:30:36,513 - INFO - Распакован: C:\Users\solooong\Downloads\Зарегистрированные дду квартиры\Зарегистрированные дду квартиры\56_Томильцевы\Documents_174163961166454608.zip -> C:/Users/solooong/Downloads/Зарегистрированные дду квартиры/Зарегистрированные дду квартиры\_extracted\Documents_174163961166454608
2026-07-10 11:30:36,635 - INFO - Распакован: C:\Users\solooong\Downloads\Зарегистрированные дду квартиры\Зарегистрированные дду квартиры\57_Язьков\BC-2024-06-11-364416.zip -> C:/Users/solooong/Downloads/Зарегистрированные дду квартиры/Зарегистрированные дду квартиры\_extracted\BC-2024-06-11-364416
2026-07-10 11:30:36,773 - INFO - Распакован: C:\Users\solooong\Downloads\Зарегистрированные дду квартиры\Зарегистрированные дду квартиры\57_Язьков\BC-2024-06-11-575845.zip -> C:/Users/solooong/Downloads/Зарегистрированные дду квартиры/Зарегистрированные дду квартиры\_extracted\BC-2024-06-11-575845
2026-07-10 11:30:36,899 - INFO - Распакован: C:\Users\solooong\Downloads\Зарегистрированные дду квартиры\Зарегистрированные дду квартиры\58_Варламова\BC-2024-06-10-202397.zip -> C:/Users/solooong/Downloads/Зарегистрированные дду квартиры/Зарегистрированные дду квартиры\_extracted\BC-2024-06-10-202397
2026-07-10 11:30:36,977 - INFO - Распакован: C:\Users\solooong\Downloads\Зарегистрированные дду квартиры\Зарегистрированные дду квартиры\59_Сусликов\Дополненный архив документов 2024-06-06-60868.zip -> C:/Users/solooong/Downloads/Зарегистрированные дду квартиры/Зарегистрированные дду квартиры\_extracted\Дополненный архив документов 2024-06-06-60868
2026-07-10 11:30:37,060 - INFO - Распакован: C:\Users\solooong\Downloads\Зарегистрированные дду квартиры\Зарегистрированные дду квартиры\5_Дорофеев\Documents_960019016236311199.zip -> C:/Users/solooong/Downloads/Зарегистрированные дду квартиры/Зарегистрированные дду квартиры\_extracted\Documents_960019016236311199
2026-07-10 11:30:37,173 - INFO - Распакован: C:\Users\solooong\Downloads\Зарегистрированные дду квартиры\Зарегистрированные дду квартиры\60_Шутова\BC-2025-07-25-235232.zip -> C:/Users/solooong/Downloads/Зарегистрированные дду квартиры/Зарегистрированные дду квартиры\_extracted\BC-2025-07-25-235232
2026-07-10 11:30:37,258 - INFO - Распакован: C:\Users\solooong\Downloads\Зарегистрированные дду квартиры\Зарегистрированные дду квартиры\61_Тупицына\Documents_2198356047067580529.zip -> C:/Users/solooong/Downloads/Зарегистрированные дду квартиры/Зарегистрированные дду квартиры\_extracted\Documents_2198356047067580529
2026-07-10 11:30:37,331 - INFO - Распакован: C:\Users\solooong\Downloads\Зарегистрированные дду квартиры\Зарегистрированные дду квартиры\62_Неволин\Дополненный архив документов 2024-06-04-91273.zip -> C:/Users/solooong/Downloads/Зарегистрированные дду квартиры/Зарегистрированные дду квартиры\_extracted\Дополненный архив документов 2024-06-04-91273
2026-07-10 11:30:37,417 - INFO - Распакован: C:\Users\solooong\Downloads\Зарегистрированные дду квартиры\Зарегистрированные дду квартиры\63_Кузина\BC-2024-06-05-456293.zip -> C:/Users/solooong/Downloads/Зарегистрированные дду квартиры/Зарегистрированные дду квартиры\_extracted\BC-2024-06-05-456293
2026-07-10 11:30:37,503 - INFO - Распакован: C:\Users\solooong\Downloads\Зарегистрированные дду квартиры\Зарегистрированные дду квартиры\64_Сапронов\Documents_5733341333415073921.zip -> C:/Users/solooong/Downloads/Зарегистрированные дду квартиры/Зарегистрированные дду квартиры\_extracted\Documents_5733341333415073921
2026-07-10 11:30:37,632 - INFO - Распакован: C:\Users\solooong\Downloads\Зарегистрированные дду квартиры\Зарегистрированные дду квартиры\66_Королева\BC-2024-06-11-317943.zip -> C:/Users/solooong/Downloads/Зарегистрированные дду квартиры/Зарегистрированные дду квартиры\_extracted\BC-2024-06-11-317943
2026-07-10 11:30:37,841 - INFO - Распакован: C:\Users\solooong\Downloads\Зарегистрированные дду квартиры\Зарегистрированные дду квартиры\67_Фонякина\BC-2025-11-18-616700.zip -> C:/Users/solooong/Downloads/Зарегистрированные дду квартиры/Зарегистрированные дду квартиры\_extracted\BC-2025-11-18-616700
2026-07-10 11:30:37,989 - INFO - Распакован: C:\Users\solooong\Downloads\Зарегистрированные дду квартиры\Зарегистрированные дду квартиры\68_Римский\BC-2025-04-22-474914.zip -> C:/Users/solooong/Downloads/Зарегистрированные дду квартиры/Зарегистрированные дду квартиры\_extracted\BC-2025-04-22-474914
2026-07-10 11:30:38,072 - INFO - Распакован: C:\Users\solooong\Downloads\Зарегистрированные дду квартиры\Зарегистрированные дду квартиры\69_ Мартыненко\Documents_8580537718970536375.zip -> C:/Users/solooong/Downloads/Зарегистрированные дду квартиры/Зарегистрированные дду квартиры\_extracted\Documents_8580537718970536375
2026-07-10 11:30:38,196 - INFO - Распакован: C:\Users\solooong\Downloads\Зарегистрированные дду квартиры\Зарегистрированные дду квартиры\6_Шматков\BC-2024-06-04-617006.zip -> C:/Users/solooong/Downloads/Зарегистрированные дду квартиры/Зарегистрированные дду квартиры\_extracted\BC-2024-06-04-617006
2026-07-10 11:30:38,274 - INFO - Распакован: C:\Users\solooong\Downloads\Зарегистрированные дду квартиры\Зарегистрированные дду квартиры\70_Гордеев\Documents_5655311030137646291.zip -> C:/Users/solooong/Downloads/Зарегистрированные дду квартиры/Зарегистрированные дду квартиры\_extracted\Documents_5655311030137646291
2026-07-10 11:30:38,357 - INFO - Распакован: C:\Users\solooong\Downloads\Зарегистрированные дду квартиры\Зарегистрированные дду квартиры\71_ Волкова\Documents_3058306654155597957.zip -> C:/Users/solooong/Downloads/Зарегистрированные дду квартиры/Зарегистрированные дду квартиры\_extracted\Documents_3058306654155597957
2026-07-10 11:30:38,437 - INFO - Распакован: C:\Users\solooong\Downloads\Зарегистрированные дду квартиры\Зарегистрированные дду квартиры\72_ Буланакова\Documents_2746860153727215105.zip -> C:/Users/solooong/Downloads/Зарегистрированные дду квартиры/Зарегистрированные дду квартиры\_extracted\Documents_2746860153727215105
2026-07-10 11:30:38,533 - INFO - Распакован: C:\Users\solooong\Downloads\Зарегистрированные дду квартиры\Зарегистрированные дду квартиры\73_Козликин\BC-2025-10-23-417491.zip -> C:/Users/solooong/Downloads/Зарегистрированные дду квартиры/Зарегистрированные дду квартиры\_extracted\BC-2025-10-23-417491
2026-07-10 11:30:38,649 - INFO - Распакован: C:\Users\solooong\Downloads\Зарегистрированные дду квартиры\Зарегистрированные дду квартиры\75_Осипова\BC-2025-03-28-359503.zip -> C:/Users/solooong/Downloads/Зарегистрированные дду квартиры/Зарегистрированные дду квартиры\_extracted\BC-2025-03-28-359503
2026-07-10 11:30:38,778 - INFO - Распакован: C:\Users\solooong\Downloads\Зарегистрированные дду квартиры\Зарегистрированные дду квартиры\76_Рядинская\BC-2025-03-31-284696.zip -> C:/Users/solooong/Downloads/Зарегистрированные дду квартиры/Зарегистрированные дду квартиры\_extracted\BC-2025-03-31-284696
2026-07-10 11:30:38,859 - INFO - Распакован: C:\Users\solooong\Downloads\Зарегистрированные дду квартиры\Зарегистрированные дду квартиры\77_Юрченко\Documents_4702838437106204136.zip -> C:/Users/solooong/Downloads/Зарегистрированные дду квартиры/Зарегистрированные дду квартиры\_extracted\Documents_4702838437106204136
2026-07-10 11:30:38,954 - INFO - Распакован: C:\Users\solooong\Downloads\Зарегистрированные дду квартиры\Зарегистрированные дду квартиры\78_Шарапов\Шарапов Михаил Андреевич\Шарапов Михаил Андреевич.zip -> C:/Users/solooong/Downloads/Зарегистрированные дду квартиры/Зарегистрированные дду квартиры\_extracted\Шарапов Михаил Андреевич
2026-07-10 11:30:39,038 - INFO - Распакован: C:\Users\solooong\Downloads\Зарегистрированные дду квартиры\Зарегистрированные дду квартиры\79_Узакова\Documents_4033123045949869323.zip -> C:/Users/solooong/Downloads/Зарегистрированные дду квартиры/Зарегистрированные дду квартиры\_extracted\Documents_4033123045949869323
2026-07-10 11:30:39,279 - INFO - Распакован: C:\Users\solooong\Downloads\Зарегистрированные дду квартиры\Зарегистрированные дду квартиры\80_Максимов\BC-2026-03-12-632926.zip -> C:/Users/solooong/Downloads/Зарегистрированные дду квартиры/Зарегистрированные дду квартиры\_extracted\BC-2026-03-12-632926
2026-07-10 11:30:39,398 - INFO - Распакован: C:\Users\solooong\Downloads\Зарегистрированные дду квартиры\Зарегистрированные дду квартиры\81_Кильп\BC-2025-11-28-163784.zip -> C:/Users/solooong/Downloads/Зарегистрированные дду квартиры/Зарегистрированные дду квартиры\_extracted\BC-2025-11-28-163784
2026-07-10 11:30:39,471 - INFO - Распакован: C:\Users\solooong\Downloads\Зарегистрированные дду квартиры\Зарегистрированные дду квартиры\82_Мишин\Documents_7512563062335943407.zip -> C:/Users/solooong/Downloads/Зарегистрированные дду квартиры/Зарегистрированные дду квартиры\_extracted\Documents_7512563062335943407
2026-07-10 11:30:39,593 - INFO - Распакован: C:\Users\solooong\Downloads\Зарегистрированные дду квартиры\Зарегистрированные дду квартиры\84_Руина\BC-2025-08-07-163318.zip -> C:/Users/solooong/Downloads/Зарегистрированные дду квартиры/Зарегистрированные дду квартиры\_extracted\BC-2025-08-07-163318
2026-07-10 11:30:39,673 - INFO - Распакован: C:\Users\solooong\Downloads\Зарегистрированные дду квартиры\Зарегистрированные дду квартиры\85_Шемчук\Documents_7660441038726611701.zip -> C:/Users/solooong/Downloads/Зарегистрированные дду квартиры/Зарегистрированные дду квартиры\_extracted\Documents_7660441038726611701
2026-07-10 11:30:39,759 - INFO - Распакован: C:\Users\solooong\Downloads\Зарегистрированные дду квартиры\Зарегистрированные дду квартиры\86_Алоян\Documents_670751490323682087.zip -> C:/Users/solooong/Downloads/Зарегистрированные дду квартиры/Зарегистрированные дду квартиры\_extracted\Documents_670751490323682087
2026-07-10 11:30:39,843 - INFO - Распакован: C:\Users\solooong\Downloads\Зарегистрированные дду квартиры\Зарегистрированные дду квартиры\87_Алексеева\Documents_276146472626793228.zip -> C:/Users/solooong/Downloads/Зарегистрированные дду квартиры/Зарегистрированные дду квартиры\_extracted\Documents_276146472626793228
2026-07-10 11:30:39,916 - INFO - Распакован: C:\Users\solooong\Downloads\Зарегистрированные дду квартиры\Зарегистрированные дду квартиры\8_Молчун\Дополненный архив документов 2024-05-31-78031.zip -> C:/Users/solooong/Downloads/Зарегистрированные дду квартиры/Зарегистрированные дду квартиры\_extracted\Дополненный архив документов 2024-05-31-78031
2026-07-10 11:30:40,016 - INFO - Распакован: C:\Users\solooong\Downloads\Зарегистрированные дду квартиры\Зарегистрированные дду квартиры\90_Бакурадзе\BC-2025-08-12-552169.zip -> C:/Users/solooong/Downloads/Зарегистрированные дду квартиры/Зарегистрированные дду квартиры\_extracted\BC-2025-08-12-552169
2026-07-10 11:30:40,093 - INFO - Распакован: C:\Users\solooong\Downloads\Зарегистрированные дду квартиры\Зарегистрированные дду квартиры\91_Москаленко\Documents_8412031647950232230.zip -> C:/Users/solooong/Downloads/Зарегистрированные дду квартиры/Зарегистрированные дду квартиры\_extracted\Documents_8412031647950232230
2026-07-10 11:30:40,177 - INFO - Распакован: C:\Users\solooong\Downloads\Зарегистрированные дду квартиры\Зарегистрированные дду квартиры\92_Хашем\Documents_2492571111087582509.zip -> C:/Users/solooong/Downloads/Зарегистрированные дду квартиры/Зарегистрированные дду квартиры\_extracted\Documents_2492571111087582509
2026-07-10 11:30:40,256 - INFO - Распакован: C:\Users\solooong\Downloads\Зарегистрированные дду квартиры\Зарегистрированные дду квартиры\94_Якубова\Documents_6735612060315075763.zip -> C:/Users/solooong/Downloads/Зарегистрированные дду квартиры/Зарегистрированные дду квартиры\_extracted\Documents_6735612060315075763
2026-07-10 11:30:40,332 - INFO - Распакован: C:\Users\solooong\Downloads\Зарегистрированные дду квартиры\Зарегистрированные дду квартиры\95_ Алексеев\Дополненный архив документов 2024-06-24-84975.zip -> C:/Users/solooong/Downloads/Зарегистрированные дду квартиры/Зарегистрированные дду квартиры\_extracted\Дополненный архив документов 2024-06-24-84975
2026-07-10 11:30:40,460 - INFO - Распакован: C:\Users\solooong\Downloads\Зарегистрированные дду квартиры\Зарегистрированные дду квартиры\96_Воронина\BC-2024-06-05-500626.zip -> C:/Users/solooong/Downloads/Зарегистрированные дду квартиры/Зарегистрированные дду квартиры\_extracted\BC-2024-06-05-500626
2026-07-10 11:30:40,537 - INFO - Распакован: C:\Users\solooong\Downloads\Зарегистрированные дду квартиры\Зарегистрированные дду квартиры\98_Заверткина\Дополненный архив документов 2024-06-11-29578.zip -> C:/Users/solooong/Downloads/Зарегистрированные дду квартиры/Зарегистрированные дду квартиры\_extracted\Дополненный архив документов 2024-06-11-29578
2026-07-10 11:30:40,585 - INFO - Поиск файлов с триггерами {'ДДУ', 'Договор долевого участия'} в C:\Users\solooong\Downloads\Зарегистрированные дду квартиры\Зарегистрированные дду квартиры\_extracted\Documents_1074515564366826735...
2026-07-10 11:30:40,632 - INFO - Найдено файлов: 4
2026-07-10 11:30:40,675 - INFO - Поиск файлов с триггерами {'ДДУ', 'Договор долевого участия'} в C:\Users\solooong\Downloads\Зарегистрированные дду квартиры\Зарегистрированные дду квартиры\_extracted\Documents_7860453465731335770...
2026-07-10 11:30:40,718 - INFO - Найдено файлов: 3
2026-07-10 11:30:40,759 - INFO - Поиск файлов с триггерами {'ДДУ', 'Договор долевого участия'} в C:\Users\solooong\Downloads\Зарегистрированные дду квартиры\Зарегистрированные дду квартиры\_extracted\Дополненный архив документов 2024-06-27-82226...
2026-07-10 11:30:40,802 - INFO - Найдено файлов: 0
2026-07-10 11:30:40,845 - INFO - Поиск файлов с триггерами {'ДДУ', 'Договор долевого участия'} в C:\Users\solooong\Downloads\Зарегистрированные дду квартиры\Зарегистрированные дду квартиры\_extracted\Documents_5827230277682592127...
2026-07-10 11:30:40,883 - INFO - Найдено файлов: 4
2026-07-10 11:30:40,922 - INFO - Поиск файлов с триггерами {'ДДУ', 'Договор долевого участия'} в C:\Users\solooong\Downloads\Зарегистрированные дду квартиры\Зарегистрированные дду квартиры\_extracted\Documents_8603571619216735556...
2026-07-10 11:30:40,959 - INFO - Найдено файлов: 4
2026-07-10 11:30:40,993 - INFO - Поиск файлов с триггерами {'ДДУ', 'Договор долевого участия'} в C:\Users\solooong\Downloads\Зарегистрированные дду квартиры\Зарегистрированные дду квартиры\_extracted\BC-2025-01-22-665816...
2026-07-10 11:30:41,030 - INFO - Найдено файлов: 4
2026-07-10 11:30:41,063 - INFO - Поиск файлов с триггерами {'ДДУ', 'Договор долевого участия'} в C:\Users\solooong\Downloads\Зарегистрированные дду квартиры\Зарегистрированные дду квартиры\_extracted\BC-2025-07-02-222679...
2026-07-10 11:30:41,101 - INFO - Найдено файлов: 4
2026-07-10 11:30:41,133 - INFO - Поиск файлов с триггерами {'ДДУ', 'Договор долевого участия'} в C:\Users\solooong\Downloads\Зарегистрированные дду квартиры\Зарегистрированные дду квартиры\_extracted\Documents_3852993268273653978...
2026-07-10 11:30:41,164 - INFO - Найдено файлов: 4
2026-07-10 11:30:41,194 - INFO - Поиск файлов с триггерами {'ДДУ', 'Договор долевого участия'} в C:\Users\solooong\Downloads\Зарегистрированные дду квартиры\Зарегистрированные дду квартиры\_extracted\Documents_8972121337356867218...
2026-07-10 11:30:41,222 - INFO - Найдено файлов: 5
2026-07-10 11:30:41,246 - INFO - Поиск файлов с триггерами {'ДДУ', 'Договор долевого участия'} в C:\Users\solooong\Downloads\Зарегистрированные дду квартиры\Зарегистрированные дду квартиры\_extracted\BC-2025-02-28-877604...
2026-07-10 11:30:41,271 - INFO - Найдено файлов: 4
2026-07-10 11:30:41,292 - INFO - Поиск файлов с триггерами {'ДДУ', 'Договор долевого участия'} в C:\Users\solooong\Downloads\Зарегистрированные дду квартиры\Зарегистрированные дду квартиры\_extracted\Documents_4373004043107151059...
2026-07-10 11:30:41,314 - INFO - Найдено файлов: 4
2026-07-10 11:30:41,335 - INFO - Поиск файлов с триггерами {'ДДУ', 'Договор долевого участия'} в C:\Users\solooong\Downloads\Зарегистрированные дду квартиры\Зарегистрированные дду квартиры\_extracted\BC-2026-04-29-522586...
2026-07-10 11:30:41,356 - INFO - Найдено файлов: 4
2026-07-10 11:30:41,376 - INFO - Поиск файлов с триггерами {'ДДУ', 'Договор долевого участия'} в C:\Users\solooong\Downloads\Зарегистрированные дду квартиры\Зарегистрированные дду квартиры\_extracted\Селиванов из РР...
2026-07-10 11:30:41,403 - INFO - Найдено файлов: 3
2026-07-10 11:30:41,420 - INFO - Поиск файлов с триггерами {'ДДУ', 'Договор долевого участия'} в C:\Users\solooong\Downloads\Зарегистрированные дду квартиры\Зарегистрированные дду квартиры\_extracted\Documents_1037395361203401208...
2026-07-10 11:30:41,437 - INFO - Найдено файлов: 3
2026-07-10 11:30:41,455 - INFO - Поиск файлов с триггерами {'ДДУ', 'Договор долевого участия'} в C:\Users\solooong\Downloads\Зарегистрированные дду квартиры\Зарегистрированные дду квартиры\_extracted\Documents_4817311965214505197...
2026-07-10 11:30:41,471 - INFO - Найдено файлов: 5
2026-07-10 11:30:41,486 - INFO - Поиск файлов с триггерами {'ДДУ', 'Договор долевого участия'} в C:\Users\solooong\Downloads\Зарегистрированные дду квартиры\Зарегистрированные дду квартиры\_extracted\доп соглашение...
2026-07-10 11:30:41,499 - INFO - Найдено файлов: 0
2026-07-10 11:30:41,514 - INFO - Поиск файлов с триггерами {'ДДУ', 'Договор долевого участия'} в C:\Users\solooong\Downloads\Зарегистрированные дду квартиры\Зарегистрированные дду квартиры\_extracted\Documents_4773871225866445433...
2026-07-10 11:30:41,527 - INFO - Найдено файлов: 5
2026-07-10 11:30:41,539 - INFO - Поиск файлов с триггерами {'ДДУ', 'Договор долевого участия'} в C:\Users\solooong\Downloads\Зарегистрированные дду квартиры\Зарегистрированные дду квартиры\_extracted\BC-2025-08-18-512521...
2026-07-10 11:30:41,551 - INFO - Найдено файлов: 4
2026-07-10 11:30:41,564 - INFO - Поиск файлов с триггерами {'ДДУ', 'Договор долевого участия'} в C:\Users\solooong\Downloads\Зарегистрированные дду квартиры\Зарегистрированные дду квартиры\_extracted\Documents_791700728534473812...
2026-07-10 11:30:41,573 - INFO - Найдено файлов: 4
2026-07-10 11:30:41,584 - INFO - Поиск файлов с триггерами {'ДДУ', 'Договор долевого участия'} в C:\Users\solooong\Downloads\Зарегистрированные дду квартиры\Зарегистрированные дду квартиры\_extracted\Documents_8476151495300314955...
2026-07-10 11:30:41,595 - INFO - Найдено файлов: 4
2026-07-10 11:30:41,604 - INFO - Поиск файлов с триггерами {'ДДУ', 'Договор долевого участия'} в C:\Users\solooong\Downloads\Зарегистрированные дду квартиры\Зарегистрированные дду квартиры\_extracted\Documents_3684922310969928044...
2026-07-10 11:30:41,614 - INFO - Найдено файлов: 4
2026-07-10 11:30:41,623 - INFO - Поиск файлов с триггерами {'ДДУ', 'Договор долевого участия'} в C:\Users\solooong\Downloads\Зарегистрированные дду квартиры\Зарегистрированные дду квартиры\_extracted\BC-2024-11-19-744891...
2026-07-10 11:30:41,631 - INFO - Найдено файлов: 4
2026-07-10 11:30:41,636 - INFO - Поиск файлов с триггерами {'ДДУ', 'Договор долевого участия'} в C:\Users\solooong\Downloads\Зарегистрированные дду квартиры\Зарегистрированные дду квартиры\_extracted\Documents_443926992057358120...
2026-07-10 11:30:41,641 - INFO - Найдено файлов: 4
2026-07-10 11:30:41,648 - INFO - Поиск файлов с триггерами {'ДДУ', 'Договор долевого участия'} в C:\Users\solooong\Downloads\Зарегистрированные дду квартиры\Зарегистрированные дду квартиры\_extracted\Дополненный архив документов 2024-06-05-22660...
2026-07-10 11:30:41,663 - INFO - Найдено файлов: 0
2026-07-10 11:30:41,671 - INFO - Поиск файлов с триггерами {'ДДУ', 'Договор долевого участия'} в C:\Users\solooong\Downloads\Зарегистрированные дду квартиры\Зарегистрированные дду квартиры\_extracted\Пакет-обращение 2024-06-10-45172...
2026-07-10 11:30:41,681 - INFO - Найдено файлов: 0
2026-07-10 11:30:41,690 - INFO - Поиск файлов с триггерами {'ДДУ', 'Договор долевого участия'} в C:\Users\solooong\Downloads\Зарегистрированные дду квартиры\Зарегистрированные дду квартиры\_extracted\BC-2025-08-20-233713...
2026-07-10 11:30:41,700 - INFO - Найдено файлов: 0
2026-07-10 11:30:41,710 - INFO - Поиск файлов с триггерами {'ДДУ', 'Договор долевого участия'} в C:\Users\solooong\Downloads\Зарегистрированные дду квартиры\Зарегистрированные дду квартиры\_extracted\Documents_4390794901033460167...
2026-07-10 11:30:41,721 - INFO - Найдено файлов: 5
2026-07-10 11:30:41,728 - INFO - Поиск файлов с триггерами {'ДДУ', 'Договор долевого участия'} в C:\Users\solooong\Downloads\Зарегистрированные дду квартиры\Зарегистрированные дду квартиры\_extracted\Documents_2420422550556708700...
2026-07-10 11:30:41,737 - INFO - Найдено файлов: 4
2026-07-10 11:30:41,744 - INFO - Поиск файлов с триггерами {'ДДУ', 'Договор долевого участия'} в C:\Users\solooong\Downloads\Зарегистрированные дду квартиры\Зарегистрированные дду квартиры\_extracted\Documents_8276604270263686716...
2026-07-10 11:30:41,755 - INFO - Найдено файлов: 4
2026-07-10 11:30:41,763 - INFO - Поиск файлов с триггерами {'ДДУ', 'Договор долевого участия'} в C:\Users\solooong\Downloads\Зарегистрированные дду квартиры\Зарегистрированные дду квартиры\_extracted\BC-2025-12-29-272133...
2026-07-10 11:30:41,773 - INFO - Найдено файлов: 4
2026-07-10 11:30:41,785 - INFO - Поиск файлов с триггерами {'ДДУ', 'Договор долевого участия'} в C:\Users\solooong\Downloads\Зарегистрированные дду квартиры\Зарегистрированные дду квартиры\_extracted\Дополненный архив документов для продавца 2025-07-17-56110...
2026-07-10 11:30:41,797 - INFO - Найдено файлов: 0
2026-07-10 11:30:41,809 - INFO - Поиск файлов с триггерами {'ДДУ', 'Договор долевого участия'} в C:\Users\solooong\Downloads\Зарегистрированные дду квартиры\Зарегистрированные дду квартиры\_extracted\BC-2026-06-30-590739...
2026-07-10 11:30:41,819 - INFO - Найдено файлов: 4
2026-07-10 11:30:41,829 - INFO - Поиск файлов с триггерами {'ДДУ', 'Договор долевого участия'} в C:\Users\solooong\Downloads\Зарегистрированные дду квартиры\Зарегистрированные дду квартиры\_extracted\Дополненный архив документов для продавца 2025-08-01-13230...
2026-07-10 11:30:41,841 - INFO - Найдено файлов: 0
2026-07-10 11:30:41,851 - INFO - Поиск файлов с триггерами {'ДДУ', 'Договор долевого участия'} в C:\Users\solooong\Downloads\Зарегистрированные дду квартиры\Зарегистрированные дду квартиры\_extracted\BC-2025-12-26-533694...
2026-07-10 11:30:41,863 - INFO - Найдено файлов: 4
2026-07-10 11:30:41,874 - INFO - Поиск файлов с триггерами {'ДДУ', 'Договор долевого участия'} в C:\Users\solooong\Downloads\Зарегистрированные дду квартиры\Зарегистрированные дду квартиры\_extracted\BC-2025-09-17-100098...
2026-07-10 11:30:41,886 - INFO - Найдено файлов: 4
2026-07-10 11:30:41,899 - INFO - Поиск файлов с триггерами {'ДДУ', 'Договор долевого участия'} в C:\Users\solooong\Downloads\Зарегистрированные дду квартиры\Зарегистрированные дду квартиры\_extracted\Documents_404885616260964418...
2026-07-10 11:30:41,912 - INFO - Найдено файлов: 4
2026-07-10 11:30:41,925 - INFO - Поиск файлов с триггерами {'ДДУ', 'Договор долевого участия'} в C:\Users\solooong\Downloads\Зарегистрированные дду квартиры\Зарегистрированные дду квартиры\_extracted\BC-2025-09-17-101008...
2026-07-10 11:30:41,939 - INFO - Найдено файлов: 4
2026-07-10 11:30:41,951 - INFO - Поиск файлов с триггерами {'ДДУ', 'Договор долевого участия'} в C:\Users\solooong\Downloads\Зарегистрированные дду квартиры\Зарегистрированные дду квартиры\_extracted\BC-2024-06-13-101145...
2026-07-10 11:30:41,966 - INFO - Найдено файлов: 3
2026-07-10 11:30:41,976 - INFO - Поиск файлов с триггерами {'ДДУ', 'Договор долевого участия'} в C:\Users\solooong\Downloads\Зарегистрированные дду квартиры\Зарегистрированные дду квартиры\_extracted\Documents_6882705430147403460...
2026-07-10 11:30:41,989 - INFO - Найдено файлов: 4
2026-07-10 11:30:41,998 - INFO - Поиск файлов с триггерами {'ДДУ', 'Договор долевого участия'} в C:\Users\solooong\Downloads\Зарегистрированные дду квартиры\Зарегистрированные дду квартиры\_extracted\Дополненный архив документов 2024-06-05-38659...
2026-07-10 11:30:42,016 - INFO - Найдено файлов: 0
2026-07-10 11:30:42,029 - INFO - Поиск файлов с триггерами {'ДДУ', 'Договор долевого участия'} в C:\Users\solooong\Downloads\Зарегистрированные дду квартиры\Зарегистрированные дду квартиры\_extracted\BC-2024-06-21-350916...
2026-07-10 11:30:42,042 - INFO - Найдено файлов: 4
2026-07-10 11:30:42,056 - INFO - Поиск файлов с триггерами {'ДДУ', 'Договор долевого участия'} в C:\Users\solooong\Downloads\Зарегистрированные дду квартиры\Зарегистрированные дду квартиры\_extracted\19...
2026-07-10 11:30:42,069 - INFO - Найдено файлов: 4
2026-07-10 11:30:42,082 - INFO - Поиск файлов с триггерами {'ДДУ', 'Договор долевого участия'} в C:\Users\solooong\Downloads\Зарегистрированные дду квартиры\Зарегистрированные дду квартиры\_extracted\BC-2024-11-22-150055...
2026-07-10 11:30:42,093 - INFO - Найдено файлов: 4
2026-07-10 11:30:42,105 - INFO - Поиск файлов с триггерами {'ДДУ', 'Договор долевого участия'} в C:\Users\solooong\Downloads\Зарегистрированные дду квартиры\Зарегистрированные дду квартиры\_extracted\Documents_7806890773033933773...
2026-07-10 11:30:42,116 - INFO - Найдено файлов: 4
2026-07-10 11:30:42,126 - INFO - Поиск файлов с триггерами {'ДДУ', 'Договор долевого участия'} в C:\Users\solooong\Downloads\Зарегистрированные дду квартиры\Зарегистрированные дду квартиры\_extracted\BC-2024-08-05-655324 (1)...
2026-07-10 11:30:42,140 - INFO - Найдено файлов: 3
2026-07-10 11:30:42,148 - INFO - Поиск файлов с триггерами {'ДДУ', 'Договор долевого участия'} в C:\Users\solooong\Downloads\Зарегистрированные дду квартиры\Зарегистрированные дду квартиры\_extracted\BC-2025-08-21-219152...
2026-07-10 11:30:42,160 - INFO - Найдено файлов: 4
2026-07-10 11:30:42,167 - INFO - Поиск файлов с триггерами {'ДДУ', 'Договор долевого участия'} в C:\Users\solooong\Downloads\Зарегистрированные дду квартиры\Зарегистрированные дду квартиры\_extracted\Documents_6644106553419910809...
2026-07-10 11:30:42,179 - INFO - Найдено файлов: 5
2026-07-10 11:30:42,185 - INFO - Поиск файлов с триггерами {'ДДУ', 'Договор долевого участия'} в C:\Users\solooong\Downloads\Зарегистрированные дду квартиры\Зарегистрированные дду квартиры\_extracted\Documents_8220996896799257140...
2026-07-10 11:30:42,196 - INFO - Найдено файлов: 4
2026-07-10 11:30:42,203 - INFO - Поиск файлов с триггерами {'ДДУ', 'Договор долевого участия'} в C:\Users\solooong\Downloads\Зарегистрированные дду квартиры\Зарегистрированные дду квартиры\_extracted\BC-2025-11-21-344834...
2026-07-10 11:30:42,214 - INFO - Найдено файлов: 4
2026-07-10 11:30:42,221 - INFO - Поиск файлов с триггерами {'ДДУ', 'Договор долевого участия'} в C:\Users\solooong\Downloads\Зарегистрированные дду квартиры\Зарегистрированные дду квартиры\_extracted\BC-2025-01-20-635772...
2026-07-10 11:30:42,230 - INFO - Найдено файлов: 4
2026-07-10 11:30:42,236 - INFO - Поиск файлов с триггерами {'ДДУ', 'Договор долевого участия'} в C:\Users\solooong\Downloads\Зарегистрированные дду квартиры\Зарегистрированные дду квартиры\_extracted\Documents_6447571659474434874...
2026-07-10 11:30:42,245 - INFO - Найдено файлов: 4
2026-07-10 11:30:42,254 - INFO - Поиск файлов с триггерами {'ДДУ', 'Договор долевого участия'} в C:\Users\solooong\Downloads\Зарегистрированные дду квартиры\Зарегистрированные дду квартиры\_extracted\BC-2024-06-13-771541...
2026-07-10 11:30:42,260 - INFO - Найдено файлов: 3
2026-07-10 11:30:42,267 - INFO - Поиск файлов с триггерами {'ДДУ', 'Договор долевого участия'} в C:\Users\solooong\Downloads\Зарегистрированные дду квартиры\Зарегистрированные дду квартиры\_extracted\Documents_9076742445171080843...
2026-07-10 11:30:42,273 - INFO - Найдено файлов: 3
2026-07-10 11:30:42,278 - INFO - Поиск файлов с триггерами {'ДДУ', 'Договор долевого участия'} в C:\Users\solooong\Downloads\Зарегистрированные дду квартиры\Зарегистрированные дду квартиры\_extracted\BC-2024-06-11-317716...
2026-07-10 11:30:42,286 - INFO - Найдено файлов: 3
2026-07-10 11:30:42,290 - INFO - Поиск файлов с триггерами {'ДДУ', 'Договор долевого участия'} в C:\Users\solooong\Downloads\Зарегистрированные дду квартиры\Зарегистрированные дду квартиры\_extracted\Дополненный архив документов 2024-06-26-48638...
2026-07-10 11:30:42,300 - INFO - Найдено файлов: 0
2026-07-10 11:30:42,308 - INFO - Поиск файлов с триггерами {'ДДУ', 'Договор долевого участия'} в C:\Users\solooong\Downloads\Зарегистрированные дду квартиры\Зарегистрированные дду квартиры\_extracted\Дополненный архив документов 2024-06-19-91850...
2026-07-10 11:30:42,322 - INFO - Найдено файлов: 0
2026-07-10 11:30:42,334 - INFO - Поиск файлов с триггерами {'ДДУ', 'Договор долевого участия'} в C:\Users\solooong\Downloads\Зарегистрированные дду квартиры\Зарегистрированные дду квартиры\_extracted\BC-2024-06-11-662722...
2026-07-10 11:30:42,345 - INFO - Найдено файлов: 3
2026-07-10 11:30:42,355 - INFO - Поиск файлов с триггерами {'ДДУ', 'Договор долевого участия'} в C:\Users\solooong\Downloads\Зарегистрированные дду квартиры\Зарегистрированные дду квартиры\_extracted\Новая папка (25)...
2026-07-10 11:30:42,366 - INFO - Найдено файлов: 0
2026-07-10 11:30:42,374 - INFO - Поиск файлов с триггерами {'ДДУ', 'Договор долевого участия'} в C:\Users\solooong\Downloads\Зарегистрированные дду квартиры\Зарегистрированные дду квартиры\_extracted\BC-2025-09-30-136921...
2026-07-10 11:30:42,387 - INFO - Найдено файлов: 4
2026-07-10 11:30:42,397 - INFO - Поиск файлов с триггерами {'ДДУ', 'Договор долевого участия'} в C:\Users\solooong\Downloads\Зарегистрированные дду квартиры\Зарегистрированные дду квартиры\_extracted\Documents_5700868756560114214...
2026-07-10 11:30:42,408 - INFO - Найдено файлов: 4
2026-07-10 11:30:42,419 - INFO - Поиск файлов с триггерами {'ДДУ', 'Договор долевого участия'} в C:\Users\solooong\Downloads\Зарегистрированные дду квартиры\Зарегистрированные дду квартиры\_extracted\Documents_1188713993686814612...
2026-07-10 11:30:42,429 - INFO - Найдено файлов: 5
2026-07-10 11:30:42,438 - INFO - Поиск файлов с триггерами {'ДДУ', 'Договор долевого участия'} в C:\Users\solooong\Downloads\Зарегистрированные дду квартиры\Зарегистрированные дду квартиры\_extracted\Documents_4987228492858813976...
2026-07-10 11:30:42,449 - INFO - Найдено файлов: 4
2026-07-10 11:30:42,457 - INFO - Поиск файлов с триггерами {'ДДУ', 'Договор долевого участия'} в C:\Users\solooong\Downloads\Зарегистрированные дду квартиры\Зарегистрированные дду квартиры\_extracted\Дополненный архив документов 2024-06-20-55383...
2026-07-10 11:30:42,468 - INFO - Найдено файлов: 0
2026-07-10 11:30:42,478 - INFO - Поиск файлов с триггерами {'ДДУ', 'Договор долевого участия'} в C:\Users\solooong\Downloads\Зарегистрированные дду квартиры\Зарегистрированные дду квартиры\_extracted\Documents_5994054699294268455...
2026-07-10 11:30:42,487 - INFO - Найдено файлов: 4
2026-07-10 11:30:42,496 - INFO - Поиск файлов с триггерами {'ДДУ', 'Договор долевого участия'} в C:\Users\solooong\Downloads\Зарегистрированные дду квартиры\Зарегистрированные дду квартиры\_extracted\BC-2026-04-20-588476...
2026-07-10 11:30:42,507 - INFO - Найдено файлов: 4
2026-07-10 11:30:42,517 - INFO - Поиск файлов с триггерами {'ДДУ', 'Договор долевого участия'} в C:\Users\solooong\Downloads\Зарегистрированные дду квартиры\Зарегистрированные дду квартиры\_extracted\Documents_1436245305439644815...
2026-07-10 11:30:42,524 - INFO - Найдено файлов: 5
2026-07-10 11:30:42,534 - INFO - Поиск файлов с триггерами {'ДДУ', 'Договор долевого участия'} в C:\Users\solooong\Downloads\Зарегистрированные дду квартиры\Зарегистрированные дду квартиры\_extracted\Documents_2337534379171853744...
2026-07-10 11:30:42,544 - INFO - Найдено файлов: 4
2026-07-10 11:30:42,553 - INFO - Поиск файлов с триггерами {'ДДУ', 'Договор долевого участия'} в C:\Users\solooong\Downloads\Зарегистрированные дду квартиры\Зарегистрированные дду квартиры\_extracted\BC-2025-08-06-395225...
2026-07-10 11:30:42,563 - INFO - Найдено файлов: 4
2026-07-10 11:30:42,573 - INFO - Поиск файлов с триггерами {'ДДУ', 'Договор долевого участия'} в C:\Users\solooong\Downloads\Зарегистрированные дду квартиры\Зарегистрированные дду квартиры\_extracted\BC-2025-04-25-363967...
2026-07-10 11:30:42,585 - INFO - Найдено файлов: 4
2026-07-10 11:30:42,593 - INFO - Поиск файлов с триггерами {'ДДУ', 'Договор долевого участия'} в C:\Users\solooong\Downloads\Зарегистрированные дду квартиры\Зарегистрированные дду квартиры\_extracted\Documents_3096851148634922826...
2026-07-10 11:30:42,607 - INFO - Найдено файлов: 5
2026-07-10 11:30:42,613 - INFO - Поиск файлов с триггерами {'ДДУ', 'Договор долевого участия'} в C:\Users\solooong\Downloads\Зарегистрированные дду квартиры\Зарегистрированные дду квартиры\_extracted\Дополненный архив документов для продавца 2025-02-03-88924...
2026-07-10 11:30:42,625 - INFO - Найдено файлов: 0
2026-07-10 11:30:42,637 - INFO - Поиск файлов с триггерами {'ДДУ', 'Договор долевого участия'} в C:\Users\solooong\Downloads\Зарегистрированные дду квартиры\Зарегистрированные дду квартиры\_extracted\Documents_6152969535863809473...
2026-07-10 11:30:42,647 - INFO - Найдено файлов: 4
2026-07-10 11:30:42,659 - INFO - Поиск файлов с триггерами {'ДДУ', 'Договор долевого участия'} в C:\Users\solooong\Downloads\Зарегистрированные дду квартиры\Зарегистрированные дду квартиры\_extracted\BC-2025-11-19-629230...
2026-07-10 11:30:42,669 - INFO - Найдено файлов: 4
2026-07-10 11:30:42,680 - INFO - Поиск файлов с триггерами {'ДДУ', 'Договор долевого участия'} в C:\Users\solooong\Downloads\Зарегистрированные дду квартиры\Зарегистрированные дду квартиры\_extracted\Дополненный архив документов 2024-06-14-23504...
2026-07-10 11:30:42,694 - INFO - Найдено файлов: 0
2026-07-10 11:30:42,710 - INFO - Поиск файлов с триггерами {'ДДУ', 'Договор долевого участия'} в C:\Users\solooong\Downloads\Зарегистрированные дду квартиры\Зарегистрированные дду квартиры\_extracted\BC-2025-05-19-321718...
2026-07-10 11:30:42,722 - INFO - Найдено файлов: 4
2026-07-10 11:30:42,735 - INFO - Поиск файлов с триггерами {'ДДУ', 'Договор долевого участия'} в C:\Users\solooong\Downloads\Зарегистрированные дду квартиры\Зарегистрированные дду квартиры\_extracted\Documents_8604927124584275934...
2026-07-10 11:30:42,747 - INFO - Найдено файлов: 4
2026-07-10 11:30:42,757 - INFO - Поиск файлов с триггерами {'ДДУ', 'Договор долевого участия'} в C:\Users\solooong\Downloads\Зарегистрированные дду квартиры\Зарегистрированные дду квартиры\_extracted\Documents_3066356146949835136...
2026-07-10 11:30:42,766 - INFO - Найдено файлов: 4
2026-07-10 11:30:42,782 - INFO - Поиск файлов с триггерами {'ДДУ', 'Договор долевого участия'} в C:\Users\solooong\Downloads\Зарегистрированные дду квартиры\Зарегистрированные дду квартиры\_extracted\BC-2025-09-10-134585...
2026-07-10 11:30:42,793 - INFO - Найдено файлов: 4
2026-07-10 11:30:42,803 - INFO - Поиск файлов с триггерами {'ДДУ', 'Договор долевого участия'} в C:\Users\solooong\Downloads\Зарегистрированные дду квартиры\Зарегистрированные дду квартиры\_extracted\Дополненный архив документов 2024-06-06-49709...
2026-07-10 11:30:42,820 - INFO - Найдено файлов: 0
2026-07-10 11:30:42,834 - INFO - Поиск файлов с триггерами {'ДДУ', 'Договор долевого участия'} в C:\Users\solooong\Downloads\Зарегистрированные дду квартиры\Зарегистрированные дду квартиры\_extracted\Documents_7666675843438205681...
2026-07-10 11:30:42,848 - INFO - Найдено файлов: 5
2026-07-10 11:30:42,862 - INFO - Поиск файлов с триггерами {'ДДУ', 'Договор долевого участия'} в C:\Users\solooong\Downloads\Зарегистрированные дду квартиры\Зарегистрированные дду квартиры\_extracted\2...
2026-07-10 11:30:42,875 - INFO - Найдено файлов: 4
2026-07-10 11:30:42,885 - INFO - Поиск файлов с триггерами {'ДДУ', 'Договор долевого участия'} в C:\Users\solooong\Downloads\Зарегистрированные дду квартиры\Зарегистрированные дду квартиры\_extracted\Documents_174163961166454608...
2026-07-10 11:30:42,896 - INFO - Найдено файлов: 2
2026-07-10 11:30:42,905 - INFO - Поиск файлов с триггерами {'ДДУ', 'Договор долевого участия'} в C:\Users\solooong\Downloads\Зарегистрированные дду квартиры\Зарегистрированные дду квартиры\_extracted\BC-2024-06-11-364416...
2026-07-10 11:30:42,917 - INFO - Найдено файлов: 3
2026-07-10 11:30:42,926 - INFO - Поиск файлов с триггерами {'ДДУ', 'Договор долевого участия'} в C:\Users\solooong\Downloads\Зарегистрированные дду квартиры\Зарегистрированные дду квартиры\_extracted\BC-2024-06-11-575845...
2026-07-10 11:30:42,936 - INFO - Найдено файлов: 2
2026-07-10 11:30:42,945 - INFO - Поиск файлов с триггерами {'ДДУ', 'Договор долевого участия'} в C:\Users\solooong\Downloads\Зарегистрированные дду квартиры\Зарегистрированные дду квартиры\_extracted\BC-2024-06-10-202397...
2026-07-10 11:30:42,955 - INFO - Найдено файлов: 3
2026-07-10 11:30:42,964 - INFO - Поиск файлов с триггерами {'ДДУ', 'Договор долевого участия'} в C:\Users\solooong\Downloads\Зарегистрированные дду квартиры\Зарегистрированные дду квартиры\_extracted\Дополненный архив документов 2024-06-06-60868...
2026-07-10 11:30:42,977 - INFO - Найдено файлов: 0
2026-07-10 11:30:42,987 - INFO - Поиск файлов с триггерами {'ДДУ', 'Договор долевого участия'} в C:\Users\solooong\Downloads\Зарегистрированные дду квартиры\Зарегистрированные дду квартиры\_extracted\Documents_960019016236311199...
2026-07-10 11:30:42,997 - INFO - Найдено файлов: 4
2026-07-10 11:30:43,008 - INFO - Поиск файлов с триггерами {'ДДУ', 'Договор долевого участия'} в C:\Users\solooong\Downloads\Зарегистрированные дду квартиры\Зарегистрированные дду квартиры\_extracted\BC-2025-07-25-235232...
2026-07-10 11:30:43,018 - INFO - Найдено файлов: 4
2026-07-10 11:30:43,029 - INFO - Поиск файлов с триггерами {'ДДУ', 'Договор долевого участия'} в C:\Users\solooong\Downloads\Зарегистрированные дду квартиры\Зарегистрированные дду квартиры\_extracted\Documents_2198356047067580529...
2026-07-10 11:30:43,041 - INFO - Найдено файлов: 3
2026-07-10 11:30:43,051 - INFO - Поиск файлов с триггерами {'ДДУ', 'Договор долевого участия'} в C:\Users\solooong\Downloads\Зарегистрированные дду квартиры\Зарегистрированные дду квартиры\_extracted\Дополненный архив документов 2024-06-04-91273...
2026-07-10 11:30:43,068 - INFO - Найдено файлов: 0
2026-07-10 11:30:43,083 - INFO - Поиск файлов с триггерами {'ДДУ', 'Договор долевого участия'} в C:\Users\solooong\Downloads\Зарегистрированные дду квартиры\Зарегистрированные дду квартиры\_extracted\BC-2024-06-05-456293...
2026-07-10 11:30:43,095 - INFO - Найдено файлов: 3
2026-07-10 11:30:43,106 - INFO - Поиск файлов с триггерами {'ДДУ', 'Договор долевого участия'} в C:\Users\solooong\Downloads\Зарегистрированные дду квартиры\Зарегистрированные дду квартиры\_extracted\Documents_5733341333415073921...
2026-07-10 11:30:43,118 - INFO - Найдено файлов: 4
2026-07-10 11:30:43,128 - INFO - Поиск файлов с триггерами {'ДДУ', 'Договор долевого участия'} в C:\Users\solooong\Downloads\Зарегистрированные дду квартиры\Зарегистрированные дду квартиры\_extracted\BC-2024-06-11-317943...
2026-07-10 11:30:43,138 - INFO - Найдено файлов: 3
2026-07-10 11:30:43,147 - INFO - Поиск файлов с триггерами {'ДДУ', 'Договор долевого участия'} в C:\Users\solooong\Downloads\Зарегистрированные дду квартиры\Зарегистрированные дду квартиры\_extracted\BC-2025-11-18-616700...
2026-07-10 11:30:43,159 - INFO - Найдено файлов: 4
2026-07-10 11:30:43,167 - INFO - Поиск файлов с триггерами {'ДДУ', 'Договор долевого участия'} в C:\Users\solooong\Downloads\Зарегистрированные дду квартиры\Зарегистрированные дду квартиры\_extracted\BC-2025-04-22-474914...
2026-07-10 11:30:43,180 - INFO - Найдено файлов: 4
2026-07-10 11:30:43,190 - INFO - Поиск файлов с триггерами {'ДДУ', 'Договор долевого участия'} в C:\Users\solooong\Downloads\Зарегистрированные дду квартиры\Зарегистрированные дду квартиры\_extracted\Documents_8580537718970536375...
2026-07-10 11:30:43,201 - INFO - Найдено файлов: 4
2026-07-10 11:30:43,211 - INFO - Поиск файлов с триггерами {'ДДУ', 'Договор долевого участия'} в C:\Users\solooong\Downloads\Зарегистрированные дду квартиры\Зарегистрированные дду квартиры\_extracted\BC-2024-06-04-617006...
2026-07-10 11:30:43,222 - INFO - Найдено файлов: 3
2026-07-10 11:30:43,229 - INFO - Поиск файлов с триггерами {'ДДУ', 'Договор долевого участия'} в C:\Users\solooong\Downloads\Зарегистрированные дду квартиры\Зарегистрированные дду квартиры\_extracted\Documents_5655311030137646291...
2026-07-10 11:30:43,237 - INFO - Найдено файлов: 4
2026-07-10 11:30:43,243 - INFO - Поиск файлов с триггерами {'ДДУ', 'Договор долевого участия'} в C:\Users\solooong\Downloads\Зарегистрированные дду квартиры\Зарегистрированные дду квартиры\_extracted\Documents_3058306654155597957...
2026-07-10 11:30:43,252 - INFO - Найдено файлов: 4
2026-07-10 11:30:43,260 - INFO - Поиск файлов с триггерами {'ДДУ', 'Договор долевого участия'} в C:\Users\solooong\Downloads\Зарегистрированные дду квартиры\Зарегистрированные дду квартиры\_extracted\Documents_2746860153727215105...
2026-07-10 11:30:43,267 - INFO - Найдено файлов: 4
2026-07-10 11:30:43,273 - INFO - Поиск файлов с триггерами {'ДДУ', 'Договор долевого участия'} в C:\Users\solooong\Downloads\Зарегистрированные дду квартиры\Зарегистрированные дду квартиры\_extracted\BC-2025-10-23-417491...
2026-07-10 11:30:43,280 - INFO - Найдено файлов: 4
2026-07-10 11:30:43,287 - INFO - Поиск файлов с триггерами {'ДДУ', 'Договор долевого участия'} в C:\Users\solooong\Downloads\Зарегистрированные дду квартиры\Зарегистрированные дду квартиры\_extracted\BC-2025-03-28-359503...
2026-07-10 11:30:43,294 - INFO - Найдено файлов: 4
2026-07-10 11:30:43,300 - INFO - Поиск файлов с триггерами {'ДДУ', 'Договор долевого участия'} в C:\Users\solooong\Downloads\Зарегистрированные дду квартиры\Зарегистрированные дду квартиры\_extracted\BC-2025-03-31-284696...
2026-07-10 11:30:43,310 - INFO - Найдено файлов: 4
2026-07-10 11:30:43,315 - INFO - Поиск файлов с триггерами {'ДДУ', 'Договор долевого участия'} в C:\Users\solooong\Downloads\Зарегистрированные дду квартиры\Зарегистрированные дду квартиры\_extracted\Documents_4702838437106204136...
2026-07-10 11:30:43,323 - INFO - Найдено файлов: 4
2026-07-10 11:30:43,328 - INFO - Поиск файлов с триггерами {'ДДУ', 'Договор долевого участия'} в C:\Users\solooong\Downloads\Зарегистрированные дду квартиры\Зарегистрированные дду квартиры\_extracted\Шарапов Михаил Андреевич...
2026-07-10 11:30:43,339 - INFO - Найдено файлов: 2
2026-07-10 11:30:43,344 - INFO - Поиск файлов с триггерами {'ДДУ', 'Договор долевого участия'} в C:\Users\solooong\Downloads\Зарегистрированные дду квартиры\Зарегистрированные дду квартиры\_extracted\Documents_4033123045949869323...
2026-07-10 11:30:43,352 - INFO - Найдено файлов: 4
2026-07-10 11:30:43,357 - INFO - Поиск файлов с триггерами {'ДДУ', 'Договор долевого участия'} в C:\Users\solooong\Downloads\Зарегистрированные дду квартиры\Зарегистрированные дду квартиры\_extracted\BC-2026-03-12-632926...
2026-07-10 11:30:43,366 - INFO - Найдено файлов: 4
2026-07-10 11:30:43,370 - INFO - Поиск файлов с триггерами {'ДДУ', 'Договор долевого участия'} в C:\Users\solooong\Downloads\Зарегистрированные дду квартиры\Зарегистрированные дду квартиры\_extracted\BC-2025-11-28-163784...
2026-07-10 11:30:43,375 - INFO - Найдено файлов: 4
2026-07-10 11:30:43,381 - INFO - Поиск файлов с триггерами {'ДДУ', 'Договор долевого участия'} в C:\Users\solooong\Downloads\Зарегистрированные дду квартиры\Зарегистрированные дду квартиры\_extracted\Documents_7512563062335943407...
2026-07-10 11:30:43,387 - INFO - Найдено файлов: 3
2026-07-10 11:30:43,391 - INFO - Поиск файлов с триггерами {'ДДУ', 'Договор долевого участия'} в C:\Users\solooong\Downloads\Зарегистрированные дду квартиры\Зарегистрированные дду квартиры\_extracted\BC-2025-08-07-163318...
2026-07-10 11:30:43,398 - INFO - Найдено файлов: 4
2026-07-10 11:30:43,402 - INFO - Поиск файлов с триггерами {'ДДУ', 'Договор долевого участия'} в C:\Users\solooong\Downloads\Зарегистрированные дду квартиры\Зарегистрированные дду квартиры\_extracted\Documents_7660441038726611701...
2026-07-10 11:30:43,410 - INFO - Найдено файлов: 5
2026-07-10 11:30:43,416 - INFO - Поиск файлов с триггерами {'ДДУ', 'Договор долевого участия'} в C:\Users\solooong\Downloads\Зарегистрированные дду квартиры\Зарегистрированные дду квартиры\_extracted\Documents_670751490323682087...
2026-07-10 11:30:43,420 - INFO - Найдено файлов: 4
2026-07-10 11:30:43,425 - INFO - Поиск файлов с триггерами {'ДДУ', 'Договор долевого участия'} в C:\Users\solooong\Downloads\Зарегистрированные дду квартиры\Зарегистрированные дду квартиры\_extracted\Documents_276146472626793228...
2026-07-10 11:30:43,431 - INFO - Найдено файлов: 4
2026-07-10 11:30:43,435 - INFO - Поиск файлов с триггерами {'ДДУ', 'Договор долевого участия'} в C:\Users\solooong\Downloads\Зарегистрированные дду квартиры\Зарегистрированные дду квартиры\_extracted\Дополненный архив документов 2024-05-31-78031...
2026-07-10 11:30:43,445 - INFO - Найдено файлов: 0
2026-07-10 11:30:43,451 - INFO - Поиск файлов с триггерами {'ДДУ', 'Договор долевого участия'} в C:\Users\solooong\Downloads\Зарегистрированные дду квартиры\Зарегистрированные дду квартиры\_extracted\BC-2025-08-12-552169...
2026-07-10 11:30:43,460 - INFO - Найдено файлов: 4
2026-07-10 11:30:43,466 - INFO - Поиск файлов с триггерами {'ДДУ', 'Договор долевого участия'} в C:\Users\solooong\Downloads\Зарегистрированные дду квартиры\Зарегистрированные дду квартиры\_extracted\Documents_8412031647950232230...
2026-07-10 11:30:43,472 - INFO - Найдено файлов: 4
2026-07-10 11:30:43,478 - INFO - Поиск файлов с триггерами {'ДДУ', 'Договор долевого участия'} в C:\Users\solooong\Downloads\Зарегистрированные дду квартиры\Зарегистрированные дду квартиры\_extracted\Documents_2492571111087582509...
2026-07-10 11:30:43,486 - INFO - Найдено файлов: 5
2026-07-10 11:30:43,492 - INFO - Поиск файлов с триггерами {'ДДУ', 'Договор долевого участия'} в C:\Users\solooong\Downloads\Зарегистрированные дду квартиры\Зарегистрированные дду квартиры\_extracted\Documents_6735612060315075763...
2026-07-10 11:30:43,498 - INFO - Найдено файлов: 3
2026-07-10 11:30:43,505 - INFO - Поиск файлов с триггерами {'ДДУ', 'Договор долевого участия'} в C:\Users\solooong\Downloads\Зарегистрированные дду квартиры\Зарегистрированные дду квартиры\_extracted\Дополненный архив документов 2024-06-24-84975...
2026-07-10 11:30:43,516 - INFO - Найдено файлов: 0
2026-07-10 11:30:43,526 - INFO - Поиск файлов с триггерами {'ДДУ', 'Договор долевого участия'} в C:\Users\solooong\Downloads\Зарегистрированные дду квартиры\Зарегистрированные дду квартиры\_extracted\BC-2024-06-05-500626...
2026-07-10 11:30:43,534 - INFO - Найдено файлов: 3
2026-07-10 11:30:43,545 - INFO - Поиск файлов с триггерами {'ДДУ', 'Договор долевого участия'} в C:\Users\solooong\Downloads\Зарегистрированные дду квартиры\Зарегистрированные дду квартиры\_extracted\Дополненный архив документов 2024-06-11-29578...
2026-07-10 11:30:43,556 - INFO - Найдено файлов: 0
2026-07-10 11:30:43,566 - INFO - Итого файлов для обработки: 391
2026-07-10 11:30:43,578 - INFO - Найдено PDF-файлов: 225
2026-07-10 11:30:43,593 - INFO - [1/225] Обрабатывается: Договор долевого участия.pdf
2026-07-10 11:30:43,908 - INFO - Найден в шапке: Забродина Татьяна Александровна
2026-07-10 11:30:44,199 - INFO - Участник 1: Забродина Татьяна Александровна
2026-07-10 11:30:44,209 - INFO -   Извлечено участников: 1
2026-07-10 11:30:44,219 - INFO - [2/225] Обрабатывается: Договор долевого участия_stamps.pdf
2026-07-10 11:30:44,512 - INFO - Найден в шапке: Забродина Татьяна Александровна
2026-07-10 11:30:44,930 - WARNING - Раздел 'Участники долевого строительства' не найден в реквизитах
2026-07-10 11:30:44,939 - INFO - Участник 1: Забродина Татьяна Александровна
2026-07-10 11:30:44,949 - INFO -   Извлечено участников: 1
2026-07-10 11:30:44,958 - INFO - [3/225] Обрабатывается: Договор долевого участия.pdf
2026-07-10 11:30:45,299 - INFO - Найден в шапке: Положенцева Софья Сергеевна
2026-07-10 11:30:45,728 - INFO - Участник 1: Положенцева Софья Сергеевна
2026-07-10 11:30:45,739 - INFO -   Извлечено участников: 1
2026-07-10 11:30:45,750 - INFO - [4/225] Обрабатывается: Договор долевого участия.pdf
2026-07-10 11:30:46,042 - INFO - Найден в шапке: Галин Дамир Кираматович
2026-07-10 11:30:46,412 - INFO - Участник 1: Галин Дамир Кираматович
2026-07-10 11:30:46,420 - INFO -   Извлечено участников: 1
2026-07-10 11:30:46,429 - INFO - [5/225] Обрабатывается: Договор долевого участия_stamps.pdf
2026-07-10 11:30:46,708 - INFO - Найден в шапке: Галин Дамир Кираматович
2026-07-10 11:30:47,075 - INFO - Участник 1: Галин Дамир Кираматович
2026-07-10 11:30:47,085 - INFO -   Извлечено участников: 1
2026-07-10 11:30:47,097 - INFO - [6/225] Обрабатывается: Договор долевого участия.pdf
2026-07-10 11:30:47,378 - INFO - Найден в шапке: Шапошников Николай Анатольевич
2026-07-10 11:30:47,641 - INFO - Участник 1: Шапошников Николай Анатольевич
2026-07-10 11:30:47,649 - INFO -   Извлечено участников: 1
2026-07-10 11:30:47,655 - INFO - [7/225] Обрабатывается: Договор долевого участия_stamps.pdf
2026-07-10 11:30:48,014 - INFO - Найден в шапке: Шапошников Николай Анатольевич
2026-07-10 11:30:48,421 - WARNING - Раздел 'Участники долевого строительства' не найден в реквизитах
2026-07-10 11:30:48,425 - INFO - Участник 1: Шапошников Николай Анатольевич
2026-07-10 11:30:48,435 - INFO -   Извлечено участников: 1
2026-07-10 11:30:48,442 - INFO - [8/225] Обрабатывается: ДДУ 107 Бугримова рассрочка.pdf
2026-07-10 11:30:48,709 - INFO - Найден в шапке: Бугримова Анна Александровна
2026-07-10 11:30:48,716 - INFO - Найден в шапке: Мошкин Степан Алексеевич
2026-07-10 11:30:48,986 - INFO - Участник 1: Бугримова Анна Александровна
2026-07-10 11:30:48,991 - INFO - Участник 2: Мошкин Степан Алексеевич
2026-07-10 11:30:49,002 - INFO -   Извлечено участников: 2
2026-07-10 11:30:49,006 - INFO - [9/225] Обрабатывается: ДДУ 107 Бугримова рассрочка_signed.pdf
2026-07-10 11:30:49,275 - INFO - Найден в шапке: Бугримова Анна Александровна
2026-07-10 11:30:49,279 - INFO - Найден в шапке: Мошкин Степан Алексеевич
2026-07-10 11:30:49,591 - WARNING - Раздел 'Участники долевого строительства' не найден в реквизитах
2026-07-10 11:30:49,597 - INFO - Участник 1: Бугримова Анна Александровна
2026-07-10 11:30:49,602 - INFO - Участник 2: Мошкин Степан Алексеевич
2026-07-10 11:30:49,606 - INFO -   Извлечено участников: 2
2026-07-10 11:30:49,608 - INFO - [10/225] Обрабатывается: ДДУ 107 Бугримова рассрочка.pdf
2026-07-10 11:30:49,868 - INFO - Найден в шапке: Бугримова Анна Александровна
2026-07-10 11:30:49,871 - INFO - Найден в шапке: Мошкин Степан Алексеевич
2026-07-10 11:30:50,127 - INFO - Участник 1: Бугримова Анна Александровна
2026-07-10 11:30:50,131 - INFO - Участник 2: Мошкин Степан Алексеевич
2026-07-10 11:30:50,138 - INFO -   Извлечено участников: 2
2026-07-10 11:30:50,140 - INFO - [11/225] Обрабатывается: ДДУ 107 Бугримова рассрочка.pdf
2026-07-10 11:30:50,405 - INFO - Найден в шапке: Бугримова Анна Александровна
2026-07-10 11:30:50,407 - INFO - Найден в шапке: Мошкин Степан Алексеевич
2026-07-10 11:30:50,665 - INFO - Участник 1: Бугримова Анна Александровна
2026-07-10 11:30:50,668 - INFO - Участник 2: Мошкин Степан Алексеевич
2026-07-10 11:30:50,673 - INFO -   Извлечено участников: 2
2026-07-10 11:30:50,676 - INFO - [12/225] Обрабатывается: ДДУ 107 Бугримова рассрочка_signed.pdf
2026-07-10 11:30:50,931 - INFO - Найден в шапке: Бугримова Анна Александровна
2026-07-10 11:30:50,934 - INFO - Найден в шапке: Мошкин Степан Алексеевич
2026-07-10 11:30:51,262 - WARNING - Раздел 'Участники долевого строительства' не найден в реквизитах
2026-07-10 11:30:51,265 - INFO - Участник 1: Бугримова Анна Александровна
2026-07-10 11:30:51,269 - INFO - Участник 2: Мошкин Степан Алексеевич
2026-07-10 11:30:51,275 - INFO -   Извлечено участников: 2
2026-07-10 11:30:51,277 - INFO - [13/225] Обрабатывается: ДДУ 107 Бугримова рассрочка.pdf
2026-07-10 11:30:51,531 - INFO - Найден в шапке: Бугримова Анна Александровна
2026-07-10 11:30:51,535 - INFO - Найден в шапке: Мошкин Степан Алексеевич
2026-07-10 11:30:51,797 - INFO - Участник 1: Бугримова Анна Александровна
2026-07-10 11:30:51,801 - INFO - Участник 2: Мошкин Степан Алексеевич
2026-07-10 11:30:51,804 - INFO -   Извлечено участников: 2
2026-07-10 11:30:51,809 - INFO - [14/225] Обрабатывается: Договор долевого участия.pdf
2026-07-10 11:30:52,068 - INFO - Найден в шапке: Ловцова Любовь Федоровна
2026-07-10 11:30:52,492 - INFO - Участник 1: Ловцова Любовь Федоровна
2026-07-10 11:30:52,494 - INFO -   Извлечено участников: 1
2026-07-10 11:30:52,499 - INFO - [15/225] Обрабатывается: Договор долевого участия_stamps.pdf
2026-07-10 11:30:52,858 - INFO - Найден в шапке: Ловцова Любовь Федоровна
2026-07-10 11:30:53,459 - INFO - Участник 1: Ловцова Любовь Федоровна
2026-07-10 11:30:53,463 - INFO -   Извлечено участников: 1
2026-07-10 11:30:53,468 - INFO - [16/225] Обрабатывается: Договор долевого участия.pdf
2026-07-10 11:30:53,753 - INFO - Найден в шапке: Сердюк Юлия Владимировна
2026-07-10 11:30:53,757 - INFO - Найден в шапке: Сердюк Евгений Александрович
2026-07-10 11:30:54,036 - INFO - Участник 1: Сердюк Юлия Владимировна
2026-07-10 11:30:54,039 - INFO - Участник 2: Сердюк Евгений Александрович
2026-07-10 11:30:54,042 - INFO -   Извлечено участников: 2
2026-07-10 11:30:54,045 - INFO - [17/225] Обрабатывается: Договор долевого участия_stamps.pdf
2026-07-10 11:30:54,404 - INFO - Найден в шапке: Сердюк Юлия Владимировна
2026-07-10 11:30:54,406 - INFO - Найден в шапке: Сердюк Евгений Александрович
2026-07-10 11:30:55,037 - WARNING - Раздел 'Участники долевого строительства' не найден в реквизитах
2026-07-10 11:30:55,040 - INFO - Участник 1: Сердюк Юлия Владимировна
2026-07-10 11:30:55,046 - INFO - Участник 2: Сердюк Евгений Александрович
2026-07-10 11:30:55,051 - INFO -   Извлечено участников: 2
2026-07-10 11:30:55,055 - INFO - [18/225] Обрабатывается: ДДУ_10__Егорова_Дом_РФ.pdf
2026-07-10 11:30:55,337 - INFO - Найден в шапке: Егорова Наталья Сергеевна
2026-07-10 11:30:55,721 - INFO - Участник 1: Егорова Наталья Сергеевна
2026-07-10 11:30:55,725 - INFO -   Извлечено участников: 1
2026-07-10 11:30:55,727 - INFO - [19/225] Обрабатывается: ДДУ_10__Егорова_Дом_РФ_signed.pdf
2026-07-10 11:30:56,020 - INFO - Найден в шапке: Егорова Наталья Сергеевна
2026-07-10 11:30:56,229 - INFO - Участник 1: Егорова Наталья Сергеевна
2026-07-10 11:30:56,233 - INFO -   Извлечено участников: 1
2026-07-10 11:30:56,235 - INFO - [20/225] Обрабатывается: ДДУ_10__Егорова_Дом_РФ.pdf
2026-07-10 11:30:56,516 - INFO - Найден в шапке: Егорова Наталья Сергеевна
2026-07-10 11:30:56,870 - INFO - Участник 1: Егорова Наталья Сергеевна
2026-07-10 11:30:56,874 - INFO -   Извлечено участников: 1
2026-07-10 11:30:56,879 - INFO - [21/225] Обрабатывается: Договор долевого участия.pdf
2026-07-10 11:30:57,148 - INFO - Найден в шапке: Жабэ Баясхалан Жаргалович
2026-07-10 11:30:57,620 - INFO - Участник 1: Жабэ Баясхалан Жаргалович
2026-07-10 11:30:57,622 - INFO -   Извлечено участников: 1
2026-07-10 11:30:57,627 - INFO - [22/225] Обрабатывается: Договор долевого участия_stamps.pdf
2026-07-10 11:30:57,891 - INFO - Найден в шапке: Жабэ Баясхалан Жаргалович
2026-07-10 11:30:58,422 - INFO - Участник 1: Жабэ Баясхалан Жаргалович
2026-07-10 11:30:58,425 - INFO -   Извлечено участников: 1
2026-07-10 11:30:58,428 - INFO - [23/225] Обрабатывается: ДДУ_112_Радинова_Дом_РФ.pdf
2026-07-10 11:30:58,777 - INFO - Найден в шапке: Радионова Елена Владимировна
2026-07-10 11:30:58,780 - INFO - Найден в шапке: Радионов Александр Александрович
2026-07-10 11:30:59,139 - INFO - Участник 1: Радионова Елена Владимировна
2026-07-10 11:30:59,141 - INFO - Участник 2: Радионов Александр Александрович
2026-07-10 11:30:59,144 - INFO -   Извлечено участников: 2
2026-07-10 11:30:59,147 - INFO - [24/225] Обрабатывается: ДДУ_112_Радинова_Дом_РФ_signed.pdf
2026-07-10 11:30:59,412 - INFO - Найден в шапке: Радионова Елена Владимировна
2026-07-10 11:30:59,415 - INFO - Найден в шапке: Радионов Александр Александрович
2026-07-10 11:30:59,721 - INFO - Участник 1: Радионова Елена Владимировна
2026-07-10 11:30:59,724 - INFO - Участник 2: Радионов Александр Александрович
2026-07-10 11:30:59,728 - INFO -   Извлечено участников: 2
2026-07-10 11:30:59,734 - INFO - [25/225] Обрабатывается: ДДУ_112_Радинова_Дом_РФ.pdf
2026-07-10 11:31:00,004 - INFO - Найден в шапке: Радионова Елена Владимировна
2026-07-10 11:31:00,006 - INFO - Найден в шапке: Радионов Александр Александрович
2026-07-10 11:31:00,454 - INFO - Участник 1: Радионова Елена Владимировна
2026-07-10 11:31:00,457 - INFO - Участник 2: Радионов Александр Александрович
2026-07-10 11:31:00,461 - INFO -   Извлечено участников: 2
2026-07-10 11:31:00,463 - INFO - [26/225] Обрабатывается: 651349440_113_Селиванов ДДУ   ВОЕНННАЯ ИПОТЕКА ПСБ.pdf
2026-07-10 11:31:00,697 - WARNING - Не найдено 'Устава, и'
2026-07-10 11:31:00,699 - WARNING - Участники не найдены в шапке C:\Users\solooong\Downloads\Зарегистрированные дду квартиры\Зарегистрированные дду квартиры\_extracted\Селиванов из РР\Селиванов\651349440_113_Селиванов ДДУ   ВОЕНННАЯ ИПОТЕКА ПСБ.pdf
2026-07-10 11:31:00,706 - INFO -   Извлечено участников: 0
2026-07-10 11:31:00,713 - INFO - [27/225] Обрабатывается: Договор долевого участия.pdf
2026-07-10 11:31:00,980 - INFO - Найден в шапке: Эрхетуева Светлана Жаргаловна
2026-07-10 11:31:01,216 - INFO - Участник 1: Эрхетуева Светлана Жаргаловна
2026-07-10 11:31:01,223 - INFO -   Извлечено участников: 1
2026-07-10 11:31:01,227 - INFO - [28/225] Обрабатывается: Договор долевого участия.pdf
2026-07-10 11:31:01,490 - INFO - Найден в шапке: Голдобин Андрей Сергеевич
2026-07-10 11:31:01,495 - INFO - Найден в шапке: Голдобина Дарья Павловна
2026-07-10 11:31:01,942 - INFO - Участник 1: Голдобин Андрей Сергеевич
2026-07-10 11:31:01,947 - INFO - Участник 2: Голдобина Дарья Павловна
2026-07-10 11:31:01,954 - INFO -   Извлечено участников: 2
2026-07-10 11:31:01,960 - INFO - [29/225] Обрабатывается: Договор долевого участия_stamps.pdf
2026-07-10 11:31:02,226 - INFO - Найден в шапке: Голдобин Андрей Сергеевич
2026-07-10 11:31:02,232 - INFO - Найден в шапке: Голдобина Дарья Павловна
2026-07-10 11:31:02,922 - INFO - Участник 1: Голдобин Андрей Сергеевич
2026-07-10 11:31:02,925 - INFO - Участник 2: Голдобина Дарья Павловна
2026-07-10 11:31:02,931 - INFO -   Извлечено участников: 2
2026-07-10 11:31:02,937 - INFO - [30/225] Обрабатывается: Договор долевого участия.pdf
2026-07-10 11:31:03,207 - INFO - Найден в шапке: Кулешова Татьяна Михайловна
2026-07-10 11:31:03,211 - INFO - Найден в шапке: Кулешов Юрий Юрьевич
2026-07-10 11:31:03,574 - INFO - Участник 1: Кулешова Татьяна Михайловна
2026-07-10 11:31:03,579 - INFO - Участник 2: Кулешов Юрий Юрьевич
2026-07-10 11:31:03,585 - INFO -   Извлечено участников: 2
2026-07-10 11:31:03,590 - INFO - [31/225] Обрабатывается: Договор долевого участия_stamps.pdf
2026-07-10 11:31:03,859 - INFO - Найден в шапке: Кулешова Татьяна Михайловна
2026-07-10 11:31:03,863 - INFO - Найден в шапке: Кулешов Юрий Юрьевич
2026-07-10 11:31:04,538 - INFO - Участник 1: Кулешова Татьяна Михайловна
2026-07-10 11:31:04,542 - INFO - Участник 2: Кулешов Юрий Юрьевич
2026-07-10 11:31:04,547 - INFO -   Извлечено участников: 2
2026-07-10 11:31:04,554 - INFO - [32/225] Обрабатывается: ДДУ_120_Брыксина_Дом_РФ.pdf
2026-07-10 11:31:04,899 - INFO - Найден в шапке: Брыксина Марина Леонидовна
2026-07-10 11:31:05,203 - INFO - Участник 1: Брыксина Марина Леонидовна
2026-07-10 11:31:05,208 - INFO -   Извлечено участников: 1
2026-07-10 11:31:05,213 - INFO - [33/225] Обрабатывается: ДДУ_120_Брыксина_Дом_РФ_signed.pdf
2026-07-10 11:31:05,489 - INFO - Найден в шапке: Брыксина Марина Леонидовна
2026-07-10 11:31:05,695 - INFO - Участник 1: Брыксина Марина Леонидовна
2026-07-10 11:31:05,699 - INFO -   Извлечено участников: 1
2026-07-10 11:31:05,705 - INFO - [34/225] Обрабатывается: ДДУ_120_Брыксина_Дом_РФ.pdf
2026-07-10 11:31:05,978 - INFO - Найден в шапке: Брыксина Марина Леонидовна
2026-07-10 11:31:06,282 - INFO - Участник 1: Брыксина Марина Леонидовна
2026-07-10 11:31:06,287 - INFO -   Извлечено участников: 1
2026-07-10 11:31:06,292 - INFO - [35/225] Обрабатывается: Договор долевого участия.pdf
2026-07-10 11:31:06,672 - INFO - Найден в шапке: Васильева Елена Сергеевна
2026-07-10 11:31:07,107 - INFO - Участник 1: Васильева Елена Сергеевна
2026-07-10 11:31:07,110 - INFO -   Извлечено участников: 1
2026-07-10 11:31:07,112 - INFO - [36/225] Обрабатывается: Договор долевого участия_stamps.pdf
2026-07-10 11:31:07,398 - INFO - Найден в шапке: Васильева Елена Сергеевна
2026-07-10 11:31:08,040 - INFO - Участник 1: Васильева Елена Сергеевна
2026-07-10 11:31:08,043 - INFO -   Извлечено участников: 1
2026-07-10 11:31:08,047 - INFO - [37/225] Обрабатывается: Договор долевого участия.pdf
2026-07-10 11:31:08,354 - INFO - Найден в шапке: Галичкин Александр Александрович
2026-07-10 11:31:08,753 - INFO - Участник 1: Галичкин Александр Александрович
2026-07-10 11:31:08,757 - INFO -   Извлечено участников: 1
2026-07-10 11:31:08,760 - INFO - [38/225] Обрабатывается: Договор долевого участия_stamps.pdf
2026-07-10 11:31:09,027 - INFO - Найден в шапке: Галичкин Александр Александрович
2026-07-10 11:31:09,748 - INFO - Участник 1: Галичкин Александр Александрович
2026-07-10 11:31:09,752 - INFO -   Извлечено участников: 1
2026-07-10 11:31:09,757 - INFO - [39/225] Обрабатывается: Договор долевого участия.pdf
2026-07-10 11:31:10,032 - INFO - Найден в шапке: Шева Светлана Петровна
2026-07-10 11:31:10,450 - INFO - Участник 1: Шева Светлана Петровна
2026-07-10 11:31:10,453 - INFO -   Извлечено участников: 1
2026-07-10 11:31:10,456 - INFO - [40/225] Обрабатывается: Договор долевого участия_stamps.pdf
2026-07-10 11:31:10,717 - INFO - Найден в шапке: Шева Светлана Петровна
2026-07-10 11:31:11,370 - INFO - Участник 1: Шева Светлана Петровна
2026-07-10 11:31:11,372 - INFO -   Извлечено участников: 1
2026-07-10 11:31:11,377 - INFO - [41/225] Обрабатывается: ДДУ 127 Ряскин Совкомбанк 27.03.2024.pdf
2026-07-10 11:31:11,676 - INFO - Найден в шапке: Ряскин Андрей Викторович
2026-07-10 11:31:12,054 - INFO - Участник 1: Ряскин Андрей Викторович
2026-07-10 11:31:12,057 - INFO -   Извлечено участников: 1
2026-07-10 11:31:12,059 - INFO - [42/225] Обрабатывается: ДДУ 127 Ряскин Совкомбанк 27.03.2024_signed.pdf
2026-07-10 11:31:12,346 - INFO - Найден в шапке: Ряскин Андрей Викторович
2026-07-10 11:31:12,691 - INFO - Участник 1: Ряскин Андрей Викторович
2026-07-10 11:31:12,694 - INFO -   Извлечено участников: 1
2026-07-10 11:31:12,699 - INFO - [43/225] Обрабатывается: ДДУ 127 Ряскин Совкомбанк 27.03.2024.pdf
2026-07-10 11:31:12,990 - INFO - Найден в шапке: Ряскин Андрей Викторович
2026-07-10 11:31:13,375 - INFO - Участник 1: Ряскин Андрей Викторович
2026-07-10 11:31:13,379 - INFO -   Извлечено участников: 1
2026-07-10 11:31:13,383 - INFO - [44/225] Обрабатывается: Договор долевого участия.pdf
2026-07-10 11:31:13,679 - INFO - Найден в шапке: Гунбин Евгений Олегович
2026-07-10 11:31:13,950 - INFO - Участник 1: Гунбин Евгений Олегович
2026-07-10 11:31:13,954 - INFO -   Извлечено участников: 1
2026-07-10 11:31:13,957 - INFO - [45/225] Обрабатывается: Договор долевого участия_stamps.pdf
2026-07-10 11:31:14,342 - INFO - Найден в шапке: Гунбин Евгений Олегович
2026-07-10 11:31:14,678 - WARNING - Раздел 'Участники долевого строительства' не найден в реквизитах
2026-07-10 11:31:14,681 - INFO - Участник 1: Гунбин Евгений Олегович
2026-07-10 11:31:14,684 - INFO -   Извлечено участников: 1
2026-07-10 11:31:14,686 - INFO - [46/225] Обрабатывается: Договор долевого участия.pdf
2026-07-10 11:31:14,944 - INFO - Найден в шапке: Чернопазов Роман Викторович
2026-07-10 11:31:14,946 - INFO - Найден в шапке: Чернопазова Олеся Александровна
2026-07-10 11:31:15,199 - INFO - Участник 1: Чернопазов Роман Викторович
2026-07-10 11:31:15,203 - INFO - Участник 2: Чернопазова Олеся Александровна
2026-07-10 11:31:15,208 - INFO -   Извлечено участников: 2
2026-07-10 11:31:15,213 - INFO - [47/225] Обрабатывается: Договор долевого участия_stamps.pdf
2026-07-10 11:31:15,472 - INFO - Найден в шапке: Чернопазов Роман Викторович
2026-07-10 11:31:15,475 - INFO - Найден в шапке: Чернопазова Олеся Александровна
2026-07-10 11:31:16,152 - WARNING - Раздел 'Участники долевого строительства' не найден в реквизитах
2026-07-10 11:31:16,156 - INFO - Участник 1: Чернопазов Роман Викторович
2026-07-10 11:31:16,157 - INFO - Участник 2: Чернопазова Олеся Александровна
2026-07-10 11:31:16,164 - INFO -   Извлечено участников: 2
2026-07-10 11:31:16,166 - INFO - [48/225] Обрабатывается: Договор долевого участия.pdf
2026-07-10 11:31:16,430 - INFO - Найден в шапке: Эсартия Ирина Игоревна
2026-07-10 11:31:16,793 - INFO - Участник 1: Эсартия Ирина Игоревна
2026-07-10 11:31:16,796 - INFO -   Извлечено участников: 1
2026-07-10 11:31:16,800 - INFO - [49/225] Обрабатывается: Договор долевого участия_stamps.pdf
2026-07-10 11:31:17,062 - INFO - Найден в шапке: Эсартия Ирина Игоревна
2026-07-10 11:31:17,649 - INFO - Участник 1: Эсартия Ирина Игоревна
2026-07-10 11:31:17,654 - INFO -   Извлечено участников: 1
2026-07-10 11:31:17,659 - INFO - [50/225] Обрабатывается: Договор долевого участия.pdf
2026-07-10 11:31:17,923 - INFO - Найден в шапке: Матаев Ильдар Исланович
2026-07-10 11:31:18,289 - INFO - Участник 1: Матаев Ильдар Исланович
2026-07-10 11:31:18,292 - INFO -   Извлечено участников: 1
2026-07-10 11:31:18,296 - INFO - [51/225] Обрабатывается: Договор долевого участия_stamps.pdf
2026-07-10 11:31:18,645 - INFO - Найден в шапке: Матаев Ильдар Исланович
2026-07-10 11:31:19,164 - INFO - Участник 1: Матаев Ильдар Исланович
2026-07-10 11:31:19,166 - INFO -   Извлечено участников: 1
2026-07-10 11:31:19,169 - INFO - [52/225] Обрабатывается: ДДУ 133 Попова соб средства.pdf
2026-07-10 11:31:19,446 - INFO - Найден в шапке: Попова Людмила Анатольевна
2026-07-10 11:31:19,731 - INFO - Участник 1: Попова Людмила Анатольевна
2026-07-10 11:31:19,734 - INFO -   Извлечено участников: 1
2026-07-10 11:31:19,737 - INFO - [53/225] Обрабатывается: ДДУ 133 Попова соб средства_signed.pdf
2026-07-10 11:31:19,997 - INFO - Найден в шапке: Попова Людмила Анатольевна
2026-07-10 11:31:20,259 - WARNING - Раздел 'Участники долевого строительства' не найден в реквизитах
2026-07-10 11:31:20,261 - INFO - Участник 1: Попова Людмила Анатольевна
2026-07-10 11:31:20,266 - INFO -   Извлечено участников: 1
2026-07-10 11:31:20,268 - INFO - [54/225] Обрабатывается: ДДУ 133 Попова соб средства.pdf
2026-07-10 11:31:20,534 - INFO - Найден в шапке: Попова Людмила Анатольевна
2026-07-10 11:31:20,823 - INFO - Участник 1: Попова Людмила Анатольевна
2026-07-10 11:31:20,826 - INFO -   Извлечено участников: 1
2026-07-10 11:31:20,829 - INFO - [55/225] Обрабатывается: ДДУ_135_Баранов_Дом_РФ.pdf
2026-07-10 11:31:21,088 - INFO - Найден в шапке: Баранов Алексей Юрьевич
2026-07-10 11:31:21,091 - INFO - Найден в шапке: Баранова Татьяна Игоревна
2026-07-10 11:31:21,446 - INFO - Участник 1: Баранов Алексей Юрьевич
2026-07-10 11:31:21,448 - INFO - Участник 2: Баранова Татьяна Игоревна
2026-07-10 11:31:21,452 - INFO -   Извлечено участников: 2
2026-07-10 11:31:21,458 - INFO - [56/225] Обрабатывается: ДДУ_135_Баранов_Дом_РФ_signed.pdf
2026-07-10 11:31:21,819 - INFO - Найден в шапке: Баранов Алексей Юрьевич
2026-07-10 11:31:21,822 - INFO - Найден в шапке: Баранова Татьяна Игоревна
2026-07-10 11:31:22,126 - INFO - Участник 1: Баранов Алексей Юрьевич
2026-07-10 11:31:22,128 - INFO - Участник 2: Баранова Татьяна Игоревна
2026-07-10 11:31:22,134 - INFO -   Извлечено участников: 2
2026-07-10 11:31:22,136 - INFO - [57/225] Обрабатывается: ДДУ_135_Баранов_Дом_РФ.pdf
2026-07-10 11:31:22,407 - INFO - Найден в шапке: Баранов Алексей Юрьевич
2026-07-10 11:31:22,409 - INFO - Найден в шапке: Баранова Татьяна Игоревна
2026-07-10 11:31:22,765 - INFO - Участник 1: Баранов Алексей Юрьевич
2026-07-10 11:31:22,769 - INFO - Участник 2: Баранова Татьяна Игоревна
2026-07-10 11:31:22,775 - INFO -   Извлечено участников: 2
2026-07-10 11:31:22,777 - INFO - [58/225] Обрабатывается: ДДУ 142 Загуменова рассрочка.pdf
2026-07-10 11:31:23,051 - INFO - Найден в шапке: Загуменова Диана Николаевна
2026-07-10 11:31:23,476 - INFO - Участник 1: Загуменова Диана Николаевна
2026-07-10 11:31:23,479 - INFO -   Извлечено участников: 1
2026-07-10 11:31:23,482 - INFO - [59/225] Обрабатывается: ДДУ 142 Загуменова рассрочка_signed.pdf
2026-07-10 11:31:23,743 - INFO - Найден в шапке: Загуменова Диана Николаевна
2026-07-10 11:31:23,992 - INFO - Участник 1: Загуменова Диана Николаевна
2026-07-10 11:31:23,996 - INFO -   Извлечено участников: 1
2026-07-10 11:31:23,999 - INFO - [60/225] Обрабатывается: ДДУ 142 Загуменова рассрочка.pdf
2026-07-10 11:31:24,263 - INFO - Найден в шапке: Загуменова Диана Николаевна
2026-07-10 11:31:24,611 - INFO - Участник 1: Загуменова Диана Николаевна
2026-07-10 11:31:24,614 - INFO -   Извлечено участников: 1
2026-07-10 11:31:24,619 - INFO - [61/225] Обрабатывается: ДДУ 146 Комиссарова рассрочка.pdf
2026-07-10 11:31:24,980 - INFO - Найден в шапке: Комиссарова Татьяна Игоревна
2026-07-10 11:31:25,302 - INFO - Участник 1: Комиссарова Татьяна Игоревна
2026-07-10 11:31:25,305 - INFO -   Извлечено участников: 1
2026-07-10 11:31:25,308 - INFO - [62/225] Обрабатывается: ДДУ 146 Комиссарова рассрочка_signed.pdf
2026-07-10 11:31:25,585 - INFO - Найден в шапке: Комиссарова Татьяна Игоревна
2026-07-10 11:31:25,777 - INFO - Участник 1: Комиссарова Татьяна Игоревна
2026-07-10 11:31:25,779 - INFO -   Извлечено участников: 1
2026-07-10 11:31:25,782 - INFO - [63/225] Обрабатывается: ДДУ 146 Комиссарова рассрочка.pdf
2026-07-10 11:31:26,048 - INFO - Найден в шапке: Комиссарова Татьяна Игоревна
2026-07-10 11:31:26,342 - INFO - Участник 1: Комиссарова Татьяна Игоревна
2026-07-10 11:31:26,345 - INFO -   Извлечено участников: 1
2026-07-10 11:31:26,350 - INFO - [64/225] Обрабатывается: Договор долевого участия.pdf
2026-07-10 11:31:26,712 - INFO - Найден в шапке: Торопов Павел Александрович
2026-07-10 11:31:27,012 - INFO - Участник 1: Торопов Павел Александрович
2026-07-10 11:31:27,016 - INFO -   Извлечено участников: 1
2026-07-10 11:31:27,020 - INFO - [65/225] Обрабатывается: Договор долевого участия_stamps.pdf
2026-07-10 11:31:27,278 - INFO - Найден в шапке: Торопов Павел Александрович
2026-07-10 11:31:27,712 - WARNING - Раздел 'Участники долевого строительства' не найден в реквизитах
2026-07-10 11:31:27,715 - INFO - Участник 1: Торопов Павел Александрович
2026-07-10 11:31:27,719 - INFO -   Извлечено участников: 1
2026-07-10 11:31:27,722 - INFO - [66/225] Обрабатывается: ДДУ 151 Комиссарова рассрочка.pdf
2026-07-10 11:31:28,052 - INFO - Найден в шапке: Комиссарова Татьяна Игоревна
2026-07-10 11:31:28,349 - INFO - Участник 1: Комиссарова Татьяна Игоревна
2026-07-10 11:31:28,351 - INFO -   Извлечено участников: 1
2026-07-10 11:31:28,356 - INFO - [67/225] Обрабатывается: ДДУ 151 Комиссарова рассрочка_signed.pdf
2026-07-10 11:31:28,629 - INFO - Найден в шапке: Комиссарова Татьяна Игоревна
2026-07-10 11:31:28,832 - INFO - Участник 1: Комиссарова Татьяна Игоревна
2026-07-10 11:31:28,835 - INFO -   Извлечено участников: 1
2026-07-10 11:31:28,840 - INFO - [68/225] Обрабатывается: ДДУ 151 Комиссарова рассрочка.pdf
2026-07-10 11:31:29,105 - INFO - Найден в шапке: Комиссарова Татьяна Игоревна
2026-07-10 11:31:29,401 - INFO - Участник 1: Комиссарова Татьяна Игоревна
2026-07-10 11:31:29,404 - INFO -   Извлечено участников: 1
2026-07-10 11:31:29,407 - INFO - [69/225] Обрабатывается: ДДУ 15 Абраменко Дом РФ МСК  верный.pdf
2026-07-10 11:31:29,775 - INFO - Найден в шапке: Абраменко Оксана Владимировна
2026-07-10 11:31:30,163 - INFO - Участник 1: Абраменко Оксана Владимировна
2026-07-10 11:31:30,166 - INFO -   Извлечено участников: 1
2026-07-10 11:31:30,172 - INFO - [70/225] Обрабатывается: ДДУ 15 Абраменко Дом РФ МСК  верный.pdf
2026-07-10 11:31:30,439 - INFO - Найден в шапке: Абраменко Оксана Владимировна
2026-07-10 11:31:30,821 - INFO - Участник 1: Абраменко Оксана Владимировна
2026-07-10 11:31:30,823 - INFO -   Извлечено участников: 1
2026-07-10 11:31:30,829 - INFO - [71/225] Обрабатывается: Договор долевого участия.pdf
2026-07-10 11:31:31,181 - INFO - Найден в шапке: Агейкина Елена Викторовна
2026-07-10 11:31:31,436 - INFO - Участник 1: Агейкина Елена Викторовна
2026-07-10 11:31:31,438 - INFO -   Извлечено участников: 1
2026-07-10 11:31:31,441 - INFO - [72/225] Обрабатывается: Договор долевого участия_stamps.pdf
2026-07-10 11:31:31,712 - INFO - Найден в шапке: Агейкина Елена Викторовна
2026-07-10 11:31:32,124 - WARNING - Раздел 'Участники долевого строительства' не найден в реквизитах
2026-07-10 11:31:32,127 - INFO - Участник 1: Агейкина Елена Викторовна
2026-07-10 11:31:32,134 - INFO -   Извлечено участников: 1
2026-07-10 11:31:32,136 - INFO - [73/225] Обрабатывается: ДДУ 18 Гусева рассрочка.pdf
2026-07-10 11:31:32,403 - INFO - Найден в шапке: Гусева Светлана Сергеевна
2026-07-10 11:31:32,728 - INFO - Участник 1: Гусева Светлана Сергеевна
2026-07-10 11:31:32,731 - INFO -   Извлечено участников: 1
2026-07-10 11:31:32,733 - INFO - [74/225] Обрабатывается: ДДУ 18 Гусева рассрочка_signed.pdf
2026-07-10 11:31:33,012 - INFO - Найден в шапке: Гусева Светлана Сергеевна
2026-07-10 11:31:33,221 - WARNING - Раздел 'Участники долевого строительства' не найден в реквизитах
2026-07-10 11:31:33,224 - INFO - Участник 1: Гусева Светлана Сергеевна
2026-07-10 11:31:33,227 - INFO -   Извлечено участников: 1
2026-07-10 11:31:33,231 - INFO - [75/225] Обрабатывается: ДДУ 18 Гусева рассрочка.pdf
2026-07-10 11:31:33,496 - INFO - Найден в шапке: Гусева Светлана Сергеевна
2026-07-10 11:31:33,742 - INFO - Участник 1: Гусева Светлана Сергеевна
2026-07-10 11:31:33,745 - INFO -   Извлечено участников: 1
2026-07-10 11:31:33,752 - INFO - [76/225] Обрабатывается: ДДУ 19 Кубрак рассрочка.pdf
2026-07-10 11:31:34,020 - INFO - Найден в шапке: Кубрак Александр Михайлович
2026-07-10 11:31:34,022 - INFO - Найден в шапке: Мушич Юлия Анатольевна
2026-07-10 11:31:34,382 - INFO - Участник 1: Кубрак Александр Михайлович
2026-07-10 11:31:34,384 - INFO - Участник 2: Мушич Юлия Анатольевна
2026-07-10 11:31:34,388 - INFO -   Извлечено участников: 2
2026-07-10 11:31:34,395 - INFO - [77/225] Обрабатывается: ДДУ 19 Кубрак рассрочка_signed.pdf
2026-07-10 11:31:34,660 - INFO - Найден в шапке: Кубрак Александр Михайлович
2026-07-10 11:31:34,664 - INFO - Найден в шапке: Мушич Юлия Анатольевна
2026-07-10 11:31:34,930 - WARNING - Раздел 'Участники долевого строительства' не найден в реквизитах
2026-07-10 11:31:34,933 - INFO - Участник 1: Кубрак Александр Михайлович
2026-07-10 11:31:34,936 - INFO - Участник 2: Мушич Юлия Анатольевна
2026-07-10 11:31:34,939 - INFO -   Извлечено участников: 2
2026-07-10 11:31:34,942 - INFO - [78/225] Обрабатывается: ДДУ 19 Кубрак рассрочка.pdf
2026-07-10 11:31:35,205 - INFO - Найден в шапке: Кубрак Александр Михайлович
2026-07-10 11:31:35,208 - INFO - Найден в шапке: Мушич Юлия Анатольевна
2026-07-10 11:31:35,473 - INFO - Участник 1: Кубрак Александр Михайлович
2026-07-10 11:31:35,475 - INFO - Участник 2: Мушич Юлия Анатольевна
2026-07-10 11:31:35,479 - INFO -   Извлечено участников: 2
2026-07-10 11:31:35,483 - INFO - [79/225] Обрабатывается: ДДУ 1 Ховякова рассрочка.pdf
2026-07-10 11:31:35,745 - INFO - Найден в шапке: Ховякова Наталья Сергеевна
2026-07-10 11:31:36,216 - INFO - Участник 1: Ховякова Наталья Сергеевна
2026-07-10 11:31:36,219 - INFO -   Извлечено участников: 1
2026-07-10 11:31:36,222 - INFO - [80/225] Обрабатывается: ДДУ 1 Ховякова рассрочка_signed.pdf
2026-07-10 11:31:36,484 - INFO - Найден в шапке: Ховякова Наталья Сергеевна
2026-07-10 11:31:36,753 - INFO - Участник 1: Ховякова Наталья Сергеевна
2026-07-10 11:31:36,756 - INFO -   Извлечено участников: 1
2026-07-10 11:31:36,758 - INFO - [81/225] Обрабатывается: ДДУ 1 Ховякова рассрочка.pdf
2026-07-10 11:31:37,018 - INFO - Найден в шапке: Ховякова Наталья Сергеевна
2026-07-10 11:31:37,386 - INFO - Участник 1: Ховякова Наталья Сергеевна
2026-07-10 11:31:37,389 - INFO -   Извлечено участников: 1
2026-07-10 11:31:37,398 - INFO - [82/225] Обрабатывается: Договор долевого участия.pdf
2026-07-10 11:31:37,769 - INFO - Найден в шапке: Мурашова Александра Алексеевна
2026-07-10 11:31:38,204 - INFO - Участник 1: Мурашова Александра Алексеевна
2026-07-10 11:31:38,208 - INFO -   Извлечено участников: 1
2026-07-10 11:31:38,211 - INFO - [83/225] Обрабатывается: Договор долевого участия_stamps.pdf
2026-07-10 11:31:38,475 - INFO - Найден в шапке: Мурашова Александра Алексеевна
2026-07-10 11:31:39,113 - INFO - Участник 1: Мурашова Александра Алексеевна
2026-07-10 11:31:39,117 - INFO -   Извлечено участников: 1
2026-07-10 11:31:39,120 - INFO - [84/225] Обрабатывается: ДДУ 21 Боженарь Дом РФ.pdf
2026-07-10 11:31:39,396 - INFO - Найден в шапке: Боженарь Сергей Алексеевич
2026-07-10 11:31:39,711 - INFO - Участник 1: Боженарь Сергей Алексеевич
2026-07-10 11:31:39,714 - INFO -   Извлечено участников: 1
2026-07-10 11:31:39,716 - INFO - [85/225] Обрабатывается: ДДУ 21 Боженарь Дом РФ.pdf
2026-07-10 11:31:39,987 - INFO - Найден в шапке: Боженарь Сергей Алексеевич
2026-07-10 11:31:40,398 - INFO - Участник 1: Боженарь Сергей Алексеевич
2026-07-10 11:31:40,401 - INFO -   Извлечено участников: 1
2026-07-10 11:31:40,404 - INFO - [86/225] Обрабатывается: ДДУ 22 Русанова Альфа банк.pdf
2026-07-10 11:31:40,676 - INFO - Найден в шапке: Русанова Регина Евгеньевна
2026-07-10 11:31:40,981 - INFO - Участник 1: Русанова Регина Евгеньевна
2026-07-10 11:31:40,985 - INFO -   Извлечено участников: 1
2026-07-10 11:31:40,987 - INFO - [87/225] Обрабатывается: ДДУ 22 Русанова Альфа банк_signed.pdf
2026-07-10 11:31:41,253 - INFO - Найден в шапке: Русанова Регина Евгеньевна
2026-07-10 11:31:41,453 - INFO - Участник 1: Русанова Регина Евгеньевна
2026-07-10 11:31:41,456 - INFO -   Извлечено участников: 1
2026-07-10 11:31:41,460 - INFO - [88/225] Обрабатывается: ДДУ 22 Русанова Альфа банк.pdf
2026-07-10 11:31:41,724 - INFO - Найден в шапке: Русанова Регина Евгеньевна
2026-07-10 11:31:42,130 - INFO - Участник 1: Русанова Регина Евгеньевна
2026-07-10 11:31:42,133 - INFO -   Извлечено участников: 1
2026-07-10 11:31:42,138 - INFO - [89/225] Обрабатывается: Договор долевого участия.pdf
2026-07-10 11:31:42,401 - INFO - Найден в шапке: Маслов Константин Иванович
2026-07-10 11:31:42,404 - INFO - Найден в шапке: Малышев Роман Игоревич
2026-07-10 11:31:42,805 - INFO - Участник 1: Маслов Константин Иванович
2026-07-10 11:31:42,808 - INFO - Участник 2: Малышев Роман Игоревич
2026-07-10 11:31:42,814 - INFO -   Извлечено участников: 2
2026-07-10 11:31:42,818 - INFO - [90/225] Обрабатывается: Договор долевого участия_stamps.pdf
2026-07-10 11:31:43,074 - INFO - Найден в шапке: Маслов Константин Иванович
2026-07-10 11:31:43,076 - INFO - Найден в шапке: Малышев Роман Игоревич
2026-07-10 11:31:43,934 - INFO - Участник 1: Маслов Константин Иванович
2026-07-10 11:31:43,937 - INFO - Участник 2: Малышев Роман Игоревич
2026-07-10 11:31:43,941 - INFO -   Извлечено участников: 2
2026-07-10 11:31:43,946 - INFO - [91/225] Обрабатывается: Договор долевого участия.pdf
2026-07-10 11:31:44,222 - INFO - Найден в шапке: Желязовская Елена Игоревна
2026-07-10 11:31:44,491 - INFO - Участник 1: Желязовская Елена Игоревна
2026-07-10 11:31:44,494 - INFO -   Извлечено участников: 1
2026-07-10 11:31:44,497 - INFO - [92/225] Обрабатывается: Договор долевого участия_stamps.pdf
2026-07-10 11:31:44,849 - INFO - Найден в шапке: Желязовская Елена Игоревна
2026-07-10 11:31:45,217 - WARNING - Раздел 'Участники долевого строительства' не найден в реквизитах
2026-07-10 11:31:45,219 - INFO - Участник 1: Желязовская Елена Игоревна
2026-07-10 11:31:45,222 - INFO -   Извлечено участников: 1
2026-07-10 11:31:45,225 - INFO - [93/225] Обрабатывается: ДДУ 25 Карабина Альфа банк.pdf
2026-07-10 11:31:45,487 - INFO - Найден в шапке: Карабина Мария Александровна
2026-07-10 11:31:45,782 - INFO - Участник 1: Карабина Мария Александровна
2026-07-10 11:31:45,785 - INFO -   Извлечено участников: 1
2026-07-10 11:31:45,788 - INFO - [94/225] Обрабатывается: ДДУ 25 Карабина Альфа банк_signed.pdf
2026-07-10 11:31:46,054 - INFO - Найден в шапке: Карабина Мария Александровна
2026-07-10 11:31:46,254 - INFO - Участник 1: Карабина Мария Александровна
2026-07-10 11:31:46,259 - INFO -   Извлечено участников: 1
2026-07-10 11:31:46,261 - INFO - [95/225] Обрабатывается: ДДУ 25 Карабина Альфа банк.pdf
2026-07-10 11:31:46,612 - INFO - Найден в шапке: Карабина Мария Александровна
2026-07-10 11:31:46,906 - INFO - Участник 1: Карабина Мария Александровна
2026-07-10 11:31:46,910 - INFO -   Извлечено участников: 1
2026-07-10 11:31:46,912 - INFO - [96/225] Обрабатывается: ДДУ 26 Слесарева рассрочка.pdf
2026-07-10 11:31:47,173 - INFO - Найден в шапке: Слесарева Елена Витальевна
2026-07-10 11:31:47,414 - INFO - Участник 1: Слесарева Елена Витальевна
2026-07-10 11:31:47,417 - INFO -   Извлечено участников: 1
2026-07-10 11:31:47,423 - INFO - [97/225] Обрабатывается: ДДУ 26 Слесарева рассрочка_signed.pdf
2026-07-10 11:31:47,682 - INFO - Найден в шапке: Слесарева Елена Витальевна
2026-07-10 11:31:47,967 - WARNING - Раздел 'Участники долевого строительства' не найден в реквизитах
2026-07-10 11:31:47,972 - INFO - Участник 1: Слесарева Елена Витальевна
2026-07-10 11:31:47,977 - INFO -   Извлечено участников: 1
2026-07-10 11:31:47,980 - INFO - [98/225] Обрабатывается: ДДУ 26 Слесарева рассрочка.pdf
2026-07-10 11:31:48,248 - INFO - Найден в шапке: Слесарева Елена Витальевна
2026-07-10 11:31:48,509 - INFO - Участник 1: Слесарева Елена Витальевна
2026-07-10 11:31:48,512 - INFO -   Извлечено участников: 1
2026-07-10 11:31:48,514 - INFO - [99/225] Обрабатывается: Договор долевого участия.pdf
2026-07-10 11:31:48,789 - INFO - Найден в шапке: Сафрейтор Екатерина Николаевна
2026-07-10 11:31:49,062 - INFO - Участник 1: Сафрейтор Екатерина Николаевна
2026-07-10 11:31:49,066 - INFO -   Извлечено участников: 1
2026-07-10 11:31:49,073 - INFO - [100/225] Обрабатывается: Договор долевого участия_stamps.pdf
2026-07-10 11:31:49,337 - INFO - Найден в шапке: Сафрейтор Екатерина Николаевна
2026-07-10 11:31:49,817 - WARNING - Раздел 'Участники долевого строительства' не найден в реквизитах
2026-07-10 11:31:49,820 - INFO - Участник 1: Сафрейтор Екатерина Николаевна
2026-07-10 11:31:49,826 - INFO -   Извлечено участников: 1
2026-07-10 11:31:49,828 - INFO - [101/225] Обрабатывается: ДДУ  28 Мазотов Дом РФ.pdf
2026-07-10 11:31:50,101 - INFO - Найден в шапке: Мазотов Антон Константинович
2026-07-10 11:31:50,493 - INFO - Участник 1: Мазотов Антон Константинович
2026-07-10 11:31:50,498 - INFO -   Извлечено участников: 1
2026-07-10 11:31:50,501 - INFO - [102/225] Обрабатывается: ДДУ  28 Мазотов Дом РФ.pdf
2026-07-10 11:31:50,776 - INFO - Найден в шапке: Мазотов Антон Константинович
2026-07-10 11:31:51,244 - INFO - Участник 1: Мазотов Антон Константинович
2026-07-10 11:31:51,248 - INFO -   Извлечено участников: 1
2026-07-10 11:31:51,252 - INFO - [103/225] Обрабатывается: Договор долевого участия.pdf
2026-07-10 11:31:51,520 - INFO - Найден в шапке: Мяленко Мария Николаевна
2026-07-10 11:31:51,788 - INFO - Участник 1: Мяленко Мария Николаевна
2026-07-10 11:31:51,791 - INFO -   Извлечено участников: 1
2026-07-10 11:31:51,795 - INFO - [104/225] Обрабатывается: ДДУ 30 Куканова рассрочка.pdf
2026-07-10 11:31:52,064 - INFO - Найден в шапке: Куканова Татьяна Алексеевна
2026-07-10 11:31:52,287 - INFO - Участник 1: Куканова Татьяна Алексеевна
2026-07-10 11:31:52,291 - INFO -   Извлечено участников: 1
2026-07-10 11:31:52,296 - INFO - [105/225] Обрабатывается: ДДУ 30 Куканова рассрочка.pdf
2026-07-10 11:31:52,701 - INFO - Найден в шапке: Куканова Татьяна Алексеевна
2026-07-10 11:31:52,926 - INFO - Участник 1: Куканова Татьяна Алексеевна
2026-07-10 11:31:52,929 - INFO -   Извлечено участников: 1
2026-07-10 11:31:52,933 - INFO - [106/225] Обрабатывается: ДДУ 33 Иванова Дом РФ.pdf
2026-07-10 11:31:53,210 - INFO - Найден в шапке: Иванова Ольга Александровна
2026-07-10 11:31:53,215 - INFO - Найден в шапке: Иванов Артём Вадимович
2026-07-10 11:31:53,629 - INFO - Участник 1: Иванова Ольга Александровна
2026-07-10 11:31:53,632 - INFO - Участник 2: Иванов Артём Вадимович
2026-07-10 11:31:53,635 - INFO -   Извлечено участников: 2
2026-07-10 11:31:53,639 - INFO - [107/225] Обрабатывается: ДДУ 33 Иванова Дом РФ.pdf
2026-07-10 11:31:53,908 - INFO - Найден в шапке: Иванова Ольга Александровна
2026-07-10 11:31:53,916 - INFO - Найден в шапке: Иванов Артём Вадимович
2026-07-10 11:31:54,363 - INFO - Участник 1: Иванова Ольга Александровна
2026-07-10 11:31:54,366 - INFO - Участник 2: Иванов Артём Вадимович
2026-07-10 11:31:54,372 - INFO -   Извлечено участников: 2
2026-07-10 11:31:54,375 - INFO - [108/225] Обрабатывается: ДДУ_35_Ямщикова_Дом_рф.pdf
2026-07-10 11:31:54,650 - INFO - Найден в шапке: Ямщикова Анита Викторовна
2026-07-10 11:31:54,911 - INFO - Участник 1: Ямщикова Анита Викторовна
2026-07-10 11:31:54,913 - INFO -   Извлечено участников: 1
2026-07-10 11:31:54,917 - INFO - [109/225] Обрабатывается: ДДУ_35_Ямщикова_Дом_рф_signed.pdf
2026-07-10 11:31:55,244 - INFO - Найден в шапке: Ямщикова Анита Викторовна
2026-07-10 11:31:55,404 - WARNING - Раздел 'Участники долевого строительства' не найден в реквизитах
2026-07-10 11:31:55,408 - INFO - Участник 1: Ямщикова Анита Викторовна
2026-07-10 11:31:55,414 - INFO -   Извлечено участников: 1
2026-07-10 11:31:55,416 - INFO - [110/225] Обрабатывается: ДДУ_35_Ямщикова_Дом_рф.pdf
2026-07-10 11:31:55,677 - INFO - Найден в шапке: Ямщикова Анита Викторовна
2026-07-10 11:31:56,061 - INFO - Участник 1: Ямщикова Анита Викторовна
2026-07-10 11:31:56,064 - INFO -   Извлечено участников: 1
2026-07-10 11:31:56,069 - INFO - [111/225] Обрабатывается: Договор долевого участия.pdf
2026-07-10 11:31:56,367 - INFO - Найден в шапке: Васюхно Евгений Сергеевич
2026-07-10 11:31:56,369 - INFO - Найден в шапке: Васюхно Татьяна Валерьевна
2026-07-10 11:31:56,695 - INFO - Участник 1: Васюхно Евгений Сергеевич
2026-07-10 11:31:56,697 - INFO - Участник 2: Васюхно Татьяна Валерьевна
2026-07-10 11:31:56,701 - INFO -   Извлечено участников: 2
2026-07-10 11:31:56,706 - INFO - [112/225] Обрабатывается: Договор долевого участия.pdf
2026-07-10 11:31:56,891 - INFO - Найден в шапке: Венгер Илья Владимирович
2026-07-10 11:31:56,895 - INFO - Найден в шапке: Венгер Марина Александровна
2026-07-10 11:31:57,064 - INFO - Участник 1: Венгер Илья Владимирович
2026-07-10 11:31:57,068 - INFO - Участник 2: Венгер Марина Александровна
2026-07-10 11:31:57,074 - INFO -   Извлечено участников: 2
2026-07-10 11:31:57,077 - INFO - [113/225] Обрабатывается: Договор долевого участия_stamps.pdf
2026-07-10 11:31:57,354 - INFO - Найден в шапке: Венгер Илья Владимирович
2026-07-10 11:31:57,358 - INFO - Найден в шапке: Венгер Марина Александровна
2026-07-10 11:31:57,938 - WARNING - Раздел 'Участники долевого строительства' не найден в реквизитах
2026-07-10 11:31:57,941 - INFO - Участник 1: Венгер Илья Владимирович
2026-07-10 11:31:57,944 - INFO - Участник 2: Венгер Марина Александровна
2026-07-10 11:31:57,949 - INFO -   Извлечено участников: 2
2026-07-10 11:31:57,951 - INFO - [114/225] Обрабатывается: Договор долевого участия.pdf
2026-07-10 11:31:58,221 - INFO - Найден в шапке: Комиссарова Мария Васильевна
2026-07-10 11:31:58,581 - INFO - Участник 1: Комиссарова Мария Васильевна
2026-07-10 11:31:58,583 - INFO -   Извлечено участников: 1
2026-07-10 11:31:58,586 - INFO - [115/225] Обрабатывается: Договор долевого участия_stamps.pdf
2026-07-10 11:31:58,929 - INFO - Найден в шапке: Комиссарова Мария Васильевна
2026-07-10 11:31:59,486 - INFO - Участник 1: Комиссарова Мария Васильевна
2026-07-10 11:31:59,489 - INFO -   Извлечено участников: 1
2026-07-10 11:31:59,494 - INFO - [116/225] Обрабатывается: Договор долевого участия.pdf
2026-07-10 11:31:59,762 - INFO - Найден в шапке: Кожубекова Нелля Владимировна
2026-07-10 11:32:00,238 - INFO - Участник 1: Кожубекова Нелля Владимировна
2026-07-10 11:32:00,241 - INFO -   Извлечено участников: 1
2026-07-10 11:32:00,243 - INFO - [117/225] Обрабатывается: Договор долевого участия_stamps.pdf
2026-07-10 11:32:00,518 - INFO - Найден в шапке: Кожубекова Нелля Владимировна
2026-07-10 11:32:01,114 - INFO - Участник 1: Кожубекова Нелля Владимировна
2026-07-10 11:32:01,119 - INFO -   Извлечено участников: 1
2026-07-10 11:32:01,123 - INFO - [118/225] Обрабатывается: 41_Чумак ДДУ   ВОЕНННАЯ ИПОТЕКА ПСБ.pdf
2026-07-10 11:32:01,333 - WARNING - Не найдено 'Устава, и'
2026-07-10 11:32:01,337 - WARNING - Участники не найдены в шапке C:\Users\solooong\Downloads\Зарегистрированные дду квартиры\Зарегистрированные дду квартиры\_extracted\BC-2026-04-20-588476\41_Чумак ДДУ   ВОЕНННАЯ ИПОТЕКА ПСБ.pdf
2026-07-10 11:32:01,343 - INFO -   Извлечено участников: 0
2026-07-10 11:32:01,347 - INFO - [119/225] Обрабатывается: 41_Чумак ДДУ   ВОЕНННАЯ ИПОТЕКА ПСБ_signed.pdf
2026-07-10 11:32:01,663 - WARNING - Не найдено 'Устава, и'
2026-07-10 11:32:01,665 - WARNING - Участники не найдены в шапке C:\Users\solooong\Downloads\Зарегистрированные дду квартиры\Зарегистрированные дду квартиры\_extracted\BC-2026-04-20-588476\41_Чумак ДДУ   ВОЕНННАЯ ИПОТЕКА ПСБ_signed.pdf
2026-07-10 11:32:01,672 - INFO -   Извлечено участников: 0
2026-07-10 11:32:01,677 - INFO - [120/225] Обрабатывается: 41_Чумак ДДУ   ВОЕНННАЯ ИПОТЕКА ПСБ.pdf
2026-07-10 11:32:01,891 - WARNING - Не найдено 'Устава, и'
2026-07-10 11:32:01,896 - WARNING - Участники не найдены в шапке C:\Users\solooong\Downloads\Зарегистрированные дду квартиры\Зарегистрированные дду квартиры\_extracted\BC-2026-04-20-588476\Отправлено в Росреестр\41_Чумак ДДУ   ВОЕНННАЯ ИПОТЕКА ПСБ.pdf
2026-07-10 11:32:01,908 - INFO -   Извлечено участников: 0
2026-07-10 11:32:01,915 - INFO - [121/225] Обрабатывается: Договор долевого участия.pdf
2026-07-10 11:32:02,206 - INFO - Найден в шапке: Кирбятьев Виталий Игоревич
2026-07-10 11:32:02,217 - INFO - Найден в шапке: Кирбятьева Альмира Мунировна
2026-07-10 11:32:02,465 - WARNING - Раздел 'Участники долевого строительства' не найден в реквизитах
2026-07-10 11:32:02,472 - INFO - Участник 1: Кирбятьев Виталий Игоревич
2026-07-10 11:32:02,484 - INFO - Участник 2: Кирбятьева Альмира Мунировна
2026-07-10 11:32:02,492 - INFO -   Извлечено участников: 2
2026-07-10 11:32:02,503 - INFO - [122/225] Обрабатывается: Договор долевого участия_stamps.pdf
2026-07-10 11:32:02,790 - INFO - Найден в шапке: Кирбятьев Виталий Игоревич
2026-07-10 11:32:02,797 - INFO - Найден в шапке: Кирбятьева Альмира Мунировна
2026-07-10 11:32:03,399 - INFO - Участник 1: Кирбятьев Виталий Игоревич
2026-07-10 11:32:03,406 - INFO - Участник 2: Кирбятьева Альмира Мунировна
2026-07-10 11:32:03,416 - INFO -   Извлечено участников: 2
2026-07-10 11:32:03,426 - INFO - [123/225] Обрабатывается: Договор долевого участия.pdf
2026-07-10 11:32:03,695 - INFO - Найден в шапке: Силин Денис Евгеньевич
2026-07-10 11:32:04,114 - INFO - Участник 1: Силин Денис Евгеньевич
2026-07-10 11:32:04,121 - INFO -   Извлечено участников: 1
2026-07-10 11:32:04,129 - INFO - [124/225] Обрабатывается: Договор долевого участия_stamps.pdf
2026-07-10 11:32:04,396 - INFO - Найден в шапке: Силин Денис Евгеньевич
2026-07-10 11:32:05,071 - INFO - Участник 1: Силин Денис Евгеньевич
2026-07-10 11:32:05,077 - INFO -   Извлечено участников: 1
2026-07-10 11:32:05,085 - INFO - [125/225] Обрабатывается: ДДУ 45 Медведева Альфа банк МСК.pdf
2026-07-10 11:32:05,373 - INFO - Найден в шапке: Медведева Снежана Владимировна
2026-07-10 11:32:05,702 - INFO - Участник 1: Медведева Снежана Владимировна
2026-07-10 11:32:05,708 - INFO -   Извлечено участников: 1
2026-07-10 11:32:05,714 - INFO - [126/225] Обрабатывается: ДДУ 45 Медведева Альфа банк МСК_signed.pdf
2026-07-10 11:32:05,997 - INFO - Найден в шапке: Медведева Снежана Владимировна
2026-07-10 11:32:06,293 - INFO - Участник 1: Медведева Снежана Владимировна
2026-07-10 11:32:06,299 - INFO -   Извлечено участников: 1
2026-07-10 11:32:06,306 - INFO - [127/225] Обрабатывается: ДДУ 45 Медведева Альфа банк МСК.pdf
2026-07-10 11:32:06,608 - INFO - Найден в шапке: Медведева Снежана Владимировна
2026-07-10 11:32:06,948 - INFO - Участник 1: Медведева Снежана Владимировна
2026-07-10 11:32:06,956 - INFO -   Извлечено участников: 1
2026-07-10 11:32:06,963 - INFO - [128/225] Обрабатывается: ДДУ 46 Завальников рассрочка.pdf
2026-07-10 11:32:07,256 - INFO - Найден в шапке: Завальников Антон Валерьевич
2026-07-10 11:32:07,262 - INFO - Найден в шапке: Завальникова Анна Игоревна
2026-07-10 11:32:07,395 - WARNING - Раздел 'Участники долевого строительства' не найден в реквизитах
2026-07-10 11:32:07,402 - INFO - Участник 1: Завальников Антон Валерьевич
2026-07-10 11:32:07,410 - INFO - Участник 2: Завальникова Анна Игоревна
2026-07-10 11:32:07,415 - INFO -   Извлечено участников: 2
2026-07-10 11:32:07,421 - INFO - [129/225] Обрабатывается: ДДУ 46 Завальников рассрочка_signed.pdf
2026-07-10 11:32:07,708 - INFO - Найден в шапке: Завальников Антон Валерьевич
2026-07-10 11:32:07,714 - INFO - Найден в шапке: Завальникова Анна Игоревна
2026-07-10 11:32:08,053 - WARNING - Раздел 'Участники долевого строительства' не найден в реквизитах
2026-07-10 11:32:08,055 - INFO - Участник 1: Завальников Антон Валерьевич
2026-07-10 11:32:08,058 - INFO - Участник 2: Завальникова Анна Игоревна
2026-07-10 11:32:08,061 - INFO -   Извлечено участников: 2
2026-07-10 11:32:08,064 - INFO - [130/225] Обрабатывается: ДДУ 46 Завальников рассрочка.pdf
2026-07-10 11:32:08,372 - INFO - Найден в шапке: Завальников Антон Валерьевич
2026-07-10 11:32:08,377 - INFO - Найден в шапке: Завальникова Анна Игоревна
2026-07-10 11:32:08,500 - WARNING - Раздел 'Участники долевого строительства' не найден в реквизитах
2026-07-10 11:32:08,503 - INFO - Участник 1: Завальников Антон Валерьевич
2026-07-10 11:32:08,506 - INFO - Участник 2: Завальникова Анна Игоревна
2026-07-10 11:32:08,510 - INFO -   Извлечено участников: 2
2026-07-10 11:32:08,513 - INFO - [131/225] Обрабатывается: Договор долевого участия.pdf
2026-07-10 11:32:08,785 - INFO - Найден в шапке: Косторева Ирина Павловна
2026-07-10 11:32:08,788 - INFO - Найден в шапке: Косторев Иван Юрьевич
2026-07-10 11:32:09,102 - INFO - Участник 1: Косторева Ирина Павловна
2026-07-10 11:32:09,104 - INFO - Участник 2: Косторев Иван Юрьевич
2026-07-10 11:32:09,109 - INFO -   Извлечено участников: 2
2026-07-10 11:32:09,115 - INFO - [132/225] Обрабатывается: Договор долевого участия_stamps.pdf
2026-07-10 11:32:09,407 - INFO - Найден в шапке: Косторева Ирина Павловна
2026-07-10 11:32:09,410 - INFO - Найден в шапке: Косторев Иван Юрьевич
2026-07-10 11:32:10,156 - INFO - Участник 1: Косторева Ирина Павловна
2026-07-10 11:32:10,159 - INFO - Участник 2: Косторев Иван Юрьевич
2026-07-10 11:32:10,162 - INFO -   Извлечено участников: 2
2026-07-10 11:32:10,166 - INFO - [133/225] Обрабатывается: Договор долевого участия.pdf
2026-07-10 11:32:10,433 - INFO - Найден в шапке: Златкевич Елена Сергеевна
2026-07-10 11:32:10,841 - INFO - Участник 1: Златкевич Елена Сергеевна
2026-07-10 11:32:10,844 - INFO -   Извлечено участников: 1
2026-07-10 11:32:10,847 - INFO - [134/225] Обрабатывается: Договор долевого участия_stamps.pdf
2026-07-10 11:32:11,192 - INFO - Найден в шапке: Златкевич Елена Сергеевна
2026-07-10 11:32:11,757 - INFO - Участник 1: Златкевич Елена Сергеевна
2026-07-10 11:32:11,761 - INFO -   Извлечено участников: 1
2026-07-10 11:32:11,765 - INFO - [135/225] Обрабатывается: ДДУ 4 Пархоменко Альфа банк.pdf
2026-07-10 11:32:12,037 - INFO - Найден в шапке: Пархоменко Александр Сергеевич
2026-07-10 11:32:12,040 - INFO - Найден в шапке: Пархоменко Елена Николаевна
2026-07-10 11:32:12,379 - INFO - Участник 1: Пархоменко Александр Сергеевич
2026-07-10 11:32:12,382 - INFO - Участник 2: Пархоменко Елена Николаевна
2026-07-10 11:32:12,386 - INFO -   Извлечено участников: 2
2026-07-10 11:32:12,388 - INFO - [136/225] Обрабатывается: ДДУ 4 Пархоменко Альфа банк_signed.pdf
2026-07-10 11:32:12,735 - INFO - Найден в шапке: Пархоменко Александр Сергеевич
2026-07-10 11:32:12,737 - INFO - Найден в шапке: Пархоменко Елена Николаевна
2026-07-10 11:32:13,016 - INFO - Участник 1: Пархоменко Александр Сергеевич
2026-07-10 11:32:13,019 - INFO - Участник 2: Пархоменко Елена Николаевна
2026-07-10 11:32:13,022 - INFO -   Извлечено участников: 2
2026-07-10 11:32:13,026 - INFO - [137/225] Обрабатывается: ДДУ 4 Пархоменко Альфа банк.pdf
2026-07-10 11:32:13,289 - INFO - Найден в шапке: Пархоменко Александр Сергеевич
2026-07-10 11:32:13,293 - INFO - Найден в шапке: Пархоменко Елена Николаевна
2026-07-10 11:32:13,633 - INFO - Участник 1: Пархоменко Александр Сергеевич
2026-07-10 11:32:13,636 - INFO - Участник 2: Пархоменко Елена Николаевна
2026-07-10 11:32:13,640 - INFO -   Извлечено участников: 2
2026-07-10 11:32:13,646 - INFO - [138/225] Обрабатывается: ДДУ 50+КД Морозов.pdf
2026-07-10 11:32:13,923 - INFO - Найден в шапке: Морозов Иван Сергеевич
2026-07-10 11:32:13,929 - INFO - Участник 1: Морозов Иван Сергеевич
2026-07-10 11:32:13,932 - INFO -   Извлечено участников: 1
2026-07-10 11:32:13,934 - INFO - [139/225] Обрабатывается: ДДУ 50+КД Морозов_signed.pdf
2026-07-10 11:32:14,290 - INFO - Найден в шапке: Морозов Иван Сергеевич
2026-07-10 11:32:14,397 - WARNING - Раздел 'Участники долевого строительства' не найден в реквизитах
2026-07-10 11:32:14,401 - INFO - Участник 1: Морозов Иван Сергеевич
2026-07-10 11:32:14,403 - INFO -   Извлечено участников: 1
2026-07-10 11:32:14,408 - INFO - [140/225] Обрабатывается: ДДУ 50+КД Морозов.pdf
2026-07-10 11:32:14,685 - INFO - Найден в шапке: Морозов Иван Сергеевич
2026-07-10 11:32:14,691 - INFO - Участник 1: Морозов Иван Сергеевич
2026-07-10 11:32:14,694 - INFO -   Извлечено участников: 1
2026-07-10 11:32:14,698 - INFO - [141/225] Обрабатывается: Договор долевого участия.pdf
2026-07-10 11:32:14,975 - INFO - Найден в шапке: Гаспарян Сильва Артуровна
2026-07-10 11:32:15,232 - INFO - Участник 1: Гаспарян Сильва Артуровна
2026-07-10 11:32:15,236 - INFO -   Извлечено участников: 1
2026-07-10 11:32:15,239 - INFO - [142/225] Обрабатывается: Договор долевого участия_stamps.pdf
2026-07-10 11:32:15,505 - INFO - Найден в шапке: Гаспарян Сильва Артуровна
2026-07-10 11:32:15,998 - WARNING - Раздел 'Участники долевого строительства' не найден в реквизитах
2026-07-10 11:32:16,001 - INFO - Участник 1: Гаспарян Сильва Артуровна
2026-07-10 11:32:16,005 - INFO -   Извлечено участников: 1
2026-07-10 11:32:16,007 - INFO - [143/225] Обрабатывается: Договор долевого участия.pdf
2026-07-10 11:32:16,268 - INFO - Найден в шапке: Русинов Евгений Николаевич
2026-07-10 11:32:16,687 - INFO - Участник 1: Русинов Евгений Николаевич
2026-07-10 11:32:16,691 - INFO -   Извлечено участников: 1
2026-07-10 11:32:16,696 - INFO - [144/225] Обрабатывается: Договор долевого участия_stamps.pdf
2026-07-10 11:32:16,953 - INFO - Найден в шапке: Русинов Евгений Николаевич
2026-07-10 11:32:17,607 - INFO - Участник 1: Русинов Евгений Николаевич
2026-07-10 11:32:17,610 - INFO -   Извлечено участников: 1
2026-07-10 11:32:17,614 - INFO - [145/225] Обрабатывается: ДДУ 53 Калашникова соб средства.pdf
2026-07-10 11:32:17,872 - INFO - Найден в шапке: Калашникова Людмила Анатольевна
2026-07-10 11:32:18,172 - INFO - Участник 1: Калашникова Людмила Анатольевна
2026-07-10 11:32:18,176 - INFO -   Извлечено участников: 1
2026-07-10 11:32:18,181 - INFO - [146/225] Обрабатывается: ДДУ 53 Калашникова соб средства_signed.pdf
2026-07-10 11:32:18,440 - INFO - Найден в шапке: Калашникова Людмила Анатольевна
2026-07-10 11:32:18,633 - WARNING - Раздел 'Участники долевого строительства' не найден в реквизитах
2026-07-10 11:32:18,637 - INFO - Участник 1: Калашникова Людмила Анатольевна
2026-07-10 11:32:18,643 - INFO -   Извлечено участников: 1
2026-07-10 11:32:18,645 - INFO - [147/225] Обрабатывается: ДДУ 53 Калашникова соб средства.pdf
2026-07-10 11:32:18,996 - INFO - Найден в шапке: Калашникова Людмила Анатольевна
2026-07-10 11:32:19,287 - INFO - Участник 1: Калашникова Людмила Анатольевна
2026-07-10 11:32:19,290 - INFO -   Извлечено участников: 1
2026-07-10 11:32:19,296 - INFO - [148/225] Обрабатывается: Договор долевого участия.pdf
2026-07-10 11:32:19,587 - INFO - Найден в шапке: Белоусов Иван Олегович
2026-07-10 11:32:19,589 - INFO - Найден в шапке: Белоусова Мария Станиславовна
2026-07-10 11:32:19,893 - INFO - Участник 1: Белоусов Иван Олегович
2026-07-10 11:32:19,896 - INFO - Участник 2: Белоусова Мария Станиславовна
2026-07-10 11:32:19,901 - INFO -   Извлечено участников: 2
2026-07-10 11:32:19,903 - INFO - [149/225] Обрабатывается: Договор долевого участия_stamps.pdf
2026-07-10 11:32:20,189 - INFO - Найден в шапке: Белоусов Иван Олегович
2026-07-10 11:32:20,193 - INFO - Найден в шапке: Белоусова Мария Станиславовна
2026-07-10 11:32:20,922 - WARNING - Раздел 'Участники долевого строительства' не найден в реквизитах
2026-07-10 11:32:20,925 - INFO - Участник 1: Белоусов Иван Олегович
2026-07-10 11:32:20,930 - INFO - Участник 2: Белоусова Мария Станиславовна
2026-07-10 11:32:20,933 - INFO -   Извлечено участников: 2
2026-07-10 11:32:20,936 - INFO - [150/225] Обрабатывается: ДДУ+56+Томильцев+ВТБ+МСК.pdf
2026-07-10 11:32:21,218 - INFO - Найден в шапке: Томильцев Александр Александрович
2026-07-10 11:32:21,220 - INFO - Найден в шапке: Томильцева Екатерина Евгеньевна
2026-07-10 11:32:21,227 - INFO - Найден в шапке: как законные представители за Томильцев Михаил Александрович
2026-07-10 11:32:21,665 - INFO - Участник 1: Томильцев Александр Александрович
2026-07-10 11:32:21,668 - INFO - Участник 2: Томильцева Екатерина Евгеньевна
2026-07-10 11:32:21,671 - INFO - Участник 3: как законные представители за Томильцев Михаил Александрович
2026-07-10 11:32:21,674 - INFO -   Извлечено участников: 3
2026-07-10 11:32:21,680 - INFO - [151/225] Обрабатывается: Договор долевого участия.pdf
2026-07-10 11:32:22,152 - WARNING - Номер договора не найден в тексте первой страницы
2026-07-10 11:32:22,155 - WARNING - Не найдено 'Устава, и'
2026-07-10 11:32:22,158 - WARNING - Участники не найдены в шапке C:\Users\solooong\Downloads\Зарегистрированные дду квартиры\Зарегистрированные дду квартиры\_extracted\Documents_174163961166454608\Договор долевого участия.pdf
2026-07-10 11:32:22,163 - INFO -   Извлечено участников: 0
2026-07-10 11:32:22,166 - INFO - [152/225] Обрабатывается: ДДУ 57 Язьков Дом РФ.pdf
2026-07-10 11:32:22,445 - INFO - Найден в шапке: Язьков Алексей Александрович
2026-07-10 11:32:22,764 - INFO - Участник 1: Язьков Алексей Александрович
2026-07-10 11:32:22,767 - INFO -   Извлечено участников: 1
2026-07-10 11:32:22,770 - INFO - [153/225] Обрабатывается: ДДУ 57 Язьков Дом РФ.pdf
2026-07-10 11:32:23,074 - INFO - Найден в шапке: Язьков Алексей Александрович
2026-07-10 11:32:23,389 - INFO - Участник 1: Язьков Алексей Александрович
2026-07-10 11:32:23,391 - INFO -   Извлечено участников: 1
2026-07-10 11:32:23,394 - INFO - [154/225] Обрабатывается: ДДУ 57 Язьков Дом РФ.pdf
2026-07-10 11:32:23,771 - INFO - Найден в шапке: Язьков Алексей Александрович
2026-07-10 11:32:24,084 - INFO - Участник 1: Язьков Алексей Александрович
2026-07-10 11:32:24,088 - INFO -   Извлечено участников: 1
2026-07-10 11:32:24,092 - INFO - [155/225] Обрабатывается: ДДУ_58_Варламова_Дом_РФ.pdf
2026-07-10 11:32:24,360 - INFO - Найден в шапке: Варламова Анастасия Павловна
2026-07-10 11:32:24,682 - INFO - Участник 1: Варламова Анастасия Павловна
2026-07-10 11:32:24,686 - INFO -   Извлечено участников: 1
2026-07-10 11:32:24,690 - INFO - [156/225] Обрабатывается: ДДУ_58_Варламова_Дом_РФ.pdf
2026-07-10 11:32:24,956 - INFO - Найден в шапке: Варламова Анастасия Павловна
2026-07-10 11:32:25,360 - INFO - Участник 1: Варламова Анастасия Павловна
2026-07-10 11:32:25,363 - INFO -   Извлечено участников: 1
2026-07-10 11:32:25,365 - INFO - [157/225] Обрабатывается: Договор долевого участия.pdf
2026-07-10 11:32:25,643 - INFO - Найден в шапке: Дорошенко Вячеслав Юрьевич
2026-07-10 11:32:25,951 - INFO - Участник 1: Дорошенко Вячеслав Юрьевич
2026-07-10 11:32:25,954 - INFO -   Извлечено участников: 1
2026-07-10 11:32:25,957 - INFO - [158/225] Обрабатывается: Договор долевого участия_stamps.pdf
2026-07-10 11:32:26,237 - INFO - Найден в шапке: Дорошенко Вячеслав Юрьевич
2026-07-10 11:32:26,765 - INFO - Участник 1: Дорошенко Вячеслав Юрьевич
2026-07-10 11:32:26,769 - INFO -   Извлечено участников: 1
2026-07-10 11:32:26,770 - INFO - [159/225] Обрабатывается: ДДУ 60 Шутова Альфа банк МСК.pdf
2026-07-10 11:32:27,036 - INFO - Найден в шапке: Шутова Юлия Анатольевна
2026-07-10 11:32:27,333 - INFO - Участник 1: Шутова Юлия Анатольевна
2026-07-10 11:32:27,336 - INFO -   Извлечено участников: 1
2026-07-10 11:32:27,339 - INFO - [160/225] Обрабатывается: ДДУ 60 Шутова Альфа банк МСК_signed.pdf
2026-07-10 11:32:27,606 - INFO - Найден в шапке: Шутова Юлия Анатольевна
2026-07-10 11:32:27,806 - INFO - Участник 1: Шутова Юлия Анатольевна
2026-07-10 11:32:27,809 - INFO -   Извлечено участников: 1
2026-07-10 11:32:27,812 - INFO - [161/225] Обрабатывается: ДДУ 60 Шутова Альфа банк МСК.pdf
2026-07-10 11:32:28,173 - INFO - Найден в шапке: Шутова Юлия Анатольевна
2026-07-10 11:32:28,483 - INFO - Участник 1: Шутова Юлия Анатольевна
2026-07-10 11:32:28,486 - INFO -   Извлечено участников: 1
2026-07-10 11:32:28,491 - INFO - [162/225] Обрабатывается: Договор долевого участия.pdf
2026-07-10 11:32:28,761 - INFO - Найден в шапке: Тупицина Ольга Сергеевна
2026-07-10 11:32:28,764 - INFO - Найден в шапке: как законный представитель за своего несовершеннолетнего ребенка Тупицина Эмилия Михайловна
2026-07-10 11:32:29,011 - INFO - Участник 1: Тупицина Ольга Сергеевна
2026-07-10 11:32:29,013 - INFO - Участник 2: как законный представитель за своего несовершеннолетнего ребенка Тупицина Эмилия Михайловна
2026-07-10 11:32:29,017 - INFO -   Извлечено участников: 2
2026-07-10 11:32:29,019 - INFO - [163/225] Обрабатывается: ДДУ 63 Кузина рассрочка.pdf
2026-07-10 11:32:29,309 - INFO - Найден в шапке: Кузина Татьяна Юрьевна
2026-07-10 11:32:29,679 - INFO - Участник 1: Кузина Татьяна Юрьевна
2026-07-10 11:32:29,684 - INFO -   Извлечено участников: 1
2026-07-10 11:32:29,687 - INFO - [164/225] Обрабатывается: ДДУ 63 Кузина рассрочка.pdf
2026-07-10 11:32:29,970 - INFO - Найден в шапке: Кузина Татьяна Юрьевна
2026-07-10 11:32:30,260 - INFO - Участник 1: Кузина Татьяна Юрьевна
2026-07-10 11:32:30,263 - INFO -   Извлечено участников: 1
2026-07-10 11:32:30,267 - INFO - [165/225] Обрабатывается: Договор долевого участия.pdf
2026-07-10 11:32:30,532 - INFO - Найден в шапке: Сапронов Евгений Максимович
2026-07-10 11:32:30,929 - INFO - Участник 1: Сапронов Евгений Максимович
2026-07-10 11:32:30,932 - INFO -   Извлечено участников: 1
2026-07-10 11:32:30,935 - INFO - [166/225] Обрабатывается: Договор долевого участия_stamps.pdf
2026-07-10 11:32:31,303 - INFO - Найден в шапке: Сапронов Евгений Максимович
2026-07-10 11:32:31,862 - INFO - Участник 1: Сапронов Евгений Максимович
2026-07-10 11:32:31,867 - INFO -   Извлечено участников: 1
2026-07-10 11:32:31,875 - INFO - [167/225] Обрабатывается: ДДУ_66_Королева_Дом_РФ.pdf
2026-07-10 11:32:32,137 - INFO - Найден в шапке: Королева Татьяна Леонидовна
2026-07-10 11:32:32,450 - INFO - Участник 1: Королева Татьяна Леонидовна
2026-07-10 11:32:32,454 - INFO -   Извлечено участников: 1
2026-07-10 11:32:32,459 - INFO - [168/225] Обрабатывается: ДДУ_66_Королева_Дом_РФ.pdf
2026-07-10 11:32:32,826 - INFO - Найден в шапке: Королева Татьяна Леонидовна
2026-07-10 11:32:33,145 - INFO - Участник 1: Королева Татьяна Леонидовна
2026-07-10 11:32:33,148 - INFO -   Извлечено участников: 1
2026-07-10 11:32:33,153 - INFO - [169/225] Обрабатывается: ДДУ+КД.pdf
2026-07-10 11:32:33,428 - INFO - Найден в шапке: Фонякина Кристина Антоновна
2026-07-10 11:32:33,436 - INFO - Участник 1: Фонякина Кристина Антоновна
2026-07-10 11:32:33,440 - INFO -   Извлечено участников: 1
2026-07-10 11:32:33,443 - INFO - [170/225] Обрабатывается: ДДУ+КД_signed.pdf
2026-07-10 11:32:33,720 - INFO - Найден в шапке: Фонякина Кристина Антоновна
2026-07-10 11:32:33,831 - WARNING - Раздел 'Участники долевого строительства' не найден в реквизитах
2026-07-10 11:32:33,834 - INFO - Участник 1: Фонякина Кристина Антоновна
2026-07-10 11:32:33,837 - INFO -   Извлечено участников: 1
2026-07-10 11:32:33,840 - INFO - [171/225] Обрабатывается: ДДУ+КД.pdf
2026-07-10 11:32:34,110 - INFO - Найден в шапке: Фонякина Кристина Антоновна
2026-07-10 11:32:34,118 - INFO - Участник 1: Фонякина Кристина Антоновна
2026-07-10 11:32:34,124 - INFO -   Извлечено участников: 1
2026-07-10 11:32:34,130 - INFO - [172/225] Обрабатывается: ДДУ 68 Римский Дом РФ МСК.pdf
2026-07-10 11:32:34,489 - INFO - Найден в шапке: Римский Евгений Владимирович
2026-07-10 11:32:34,849 - INFO - Участник 1: Римский Евгений Владимирович
2026-07-10 11:32:34,858 - INFO -   Извлечено участников: 1
2026-07-10 11:32:34,867 - INFO - [173/225] Обрабатывается: ДДУ 68 Римский Дом РФ МСК_signed.pdf
2026-07-10 11:32:35,123 - INFO - Найден в шапке: Римский Евгений Владимирович
2026-07-10 11:32:35,413 - INFO - Участник 1: Римский Евгений Владимирович
2026-07-10 11:32:35,416 - INFO -   Извлечено участников: 1
2026-07-10 11:32:35,419 - INFO - [174/225] Обрабатывается: ДДУ 68 Римский Дом РФ МСК.pdf
2026-07-10 11:32:35,673 - INFO - Найден в шапке: Римский Евгений Владимирович
2026-07-10 11:32:36,120 - INFO - Участник 1: Римский Евгений Владимирович
2026-07-10 11:32:36,127 - INFO -   Извлечено участников: 1
2026-07-10 11:32:36,129 - INFO - [175/225] Обрабатывается: Договор долевого участия.pdf
2026-07-10 11:32:36,404 - INFO - Найден в шапке: Мартыненко Елизавета Александровна
2026-07-10 11:32:36,694 - INFO - Участник 1: Мартыненко Елизавета Александровна
2026-07-10 11:32:36,698 - INFO -   Извлечено участников: 1
2026-07-10 11:32:36,702 - INFO - [176/225] Обрабатывается: Договор долевого участия_stamps.pdf
2026-07-10 11:32:36,976 - INFO - Найден в шапке: Мартыненко Елизавета Александровна
2026-07-10 11:32:37,455 - INFO - Участник 1: Мартыненко Елизавета Александровна
2026-07-10 11:32:37,459 - INFO -   Извлечено участников: 1
2026-07-10 11:32:37,462 - INFO - [177/225] Обрабатывается: ДДУ 6 Шматков Дом РФ к.pdf
2026-07-10 11:32:37,738 - INFO - Найден в шапке: Шматков Михаил Николаевич
2026-07-10 11:32:38,105 - INFO - Участник 1: Шматков Михаил Николаевич
2026-07-10 11:32:38,109 - INFO -   Извлечено участников: 1
2026-07-10 11:32:38,111 - INFO - [178/225] Обрабатывается: ДДУ 6 Шматков Дом РФ к.pdf
2026-07-10 11:32:38,381 - INFO - Найден в шапке: Шматков Михаил Николаевич
2026-07-10 11:32:38,846 - INFO - Участник 1: Шматков Михаил Николаевич
2026-07-10 11:32:38,848 - INFO -   Извлечено участников: 1
2026-07-10 11:32:38,852 - INFO - [179/225] Обрабатывается: Договор долевого участия.pdf
2026-07-10 11:32:39,114 - INFO - Найден в шапке: Гордеев Александр Викторович
2026-07-10 11:32:39,519 - INFO - Участник 1: Гордеев Александр Викторович
2026-07-10 11:32:39,522 - INFO -   Извлечено участников: 1
2026-07-10 11:32:39,525 - INFO - [180/225] Обрабатывается: Договор долевого участия_stamps.pdf
2026-07-10 11:32:39,791 - INFO - Найден в шапке: Гордеев Александр Викторович
2026-07-10 11:32:40,472 - INFO - Участник 1: Гордеев Александр Викторович
2026-07-10 11:32:40,475 - INFO -   Извлечено участников: 1
2026-07-10 11:32:40,480 - INFO - [181/225] Обрабатывается: Договор долевого участия.pdf
2026-07-10 11:32:40,746 - INFO - Найден в шапке: Волкова Анна Владимировна
2026-07-10 11:32:41,002 - INFO - Участник 1: Волкова Анна Владимировна
2026-07-10 11:32:41,008 - INFO -   Извлечено участников: 1
2026-07-10 11:32:41,010 - INFO - [182/225] Обрабатывается: Договор долевого участия_stamps.pdf
2026-07-10 11:32:41,276 - INFO - Найден в шапке: Волкова Анна Владимировна
2026-07-10 11:32:41,703 - WARNING - Раздел 'Участники долевого строительства' не найден в реквизитах
2026-07-10 11:32:41,706 - INFO - Участник 1: Волкова Анна Владимировна
2026-07-10 11:32:41,710 - INFO -   Извлечено участников: 1
2026-07-10 11:32:41,714 - INFO - [183/225] Обрабатывается: Договор долевого участия.pdf
2026-07-10 11:32:41,987 - INFO - Найден в шапке: Буланакова Ксения Александровна
2026-07-10 11:32:42,257 - INFO - Участник 1: Буланакова Ксения Александровна
2026-07-10 11:32:42,262 - INFO -   Извлечено участников: 1
2026-07-10 11:32:42,265 - INFO - [184/225] Обрабатывается: Договор долевого участия_stamps.pdf
2026-07-10 11:32:42,537 - INFO - Найден в шапке: Буланакова Ксения Александровна
2026-07-10 11:32:42,880 - WARNING - Раздел 'Участники долевого строительства' не найден в реквизитах
2026-07-10 11:32:42,882 - INFO - Участник 1: Буланакова Ксения Александровна
2026-07-10 11:32:42,887 - INFO -   Извлечено участников: 1
2026-07-10 11:32:42,894 - INFO - [185/225] Обрабатывается: ДДУ 73 Козликин соб средства.pdf
2026-07-10 11:32:43,256 - INFO - Найден в шапке: Козликин Александр Валерьевич
2026-07-10 11:32:43,557 - INFO - Участник 1: Козликин Александр Валерьевич
2026-07-10 11:32:43,559 - INFO -   Извлечено участников: 1
2026-07-10 11:32:43,565 - INFO - [186/225] Обрабатывается: ДДУ 73 Козликин соб средства_signed.pdf
2026-07-10 11:32:43,837 - INFO - Найден в шапке: Козликин Александр Валерьевич
2026-07-10 11:32:44,038 - INFO - Участник 1: Козликин Александр Валерьевич
2026-07-10 11:32:44,041 - INFO -   Извлечено участников: 1
2026-07-10 11:32:44,044 - INFO - [187/225] Обрабатывается: ДДУ 73 Козликин соб средства.pdf
2026-07-10 11:32:44,301 - INFO - Найден в шапке: Козликин Александр Валерьевич
2026-07-10 11:32:44,603 - INFO - Участник 1: Козликин Александр Валерьевич
2026-07-10 11:32:44,606 - INFO -   Извлечено участников: 1
2026-07-10 11:32:44,608 - INFO - [188/225] Обрабатывается: ДДУ_75_Осипова_Дом_рф_МСК.pdf
2026-07-10 11:32:44,985 - INFO - Найден в шапке: Осипова Ольга Юрьевна
2026-07-10 11:32:45,352 - INFO - Участник 1: Осипова Ольга Юрьевна
2026-07-10 11:32:45,355 - INFO -   Извлечено участников: 1
2026-07-10 11:32:45,358 - INFO - [189/225] Обрабатывается: ДДУ_75_Осипова_Дом_рф_МСК_signed.pdf
2026-07-10 11:32:45,631 - INFO - Найден в шапке: Осипова Ольга Юрьевна
2026-07-10 11:32:45,897 - INFO - Участник 1: Осипова Ольга Юрьевна
2026-07-10 11:32:45,902 - INFO -   Извлечено участников: 1
2026-07-10 11:32:45,904 - INFO - [190/225] Обрабатывается: ДДУ_75_Осипова_Дом_рф_МСК.pdf
2026-07-10 11:32:46,169 - INFO - Найден в шапке: Осипова Ольга Юрьевна
2026-07-10 11:32:46,628 - INFO - Участник 1: Осипова Ольга Юрьевна
2026-07-10 11:32:46,632 - INFO -   Извлечено участников: 1
2026-07-10 11:32:46,635 - INFO - [191/225] Обрабатывается: ДДУ 76 Рядинская Дом рф МСК.pdf
2026-07-10 11:32:46,907 - INFO - Найден в шапке: Рядинская Александра Александровна
2026-07-10 11:32:47,279 - INFO - Участник 1: Рядинская Александра Александровна
2026-07-10 11:32:47,284 - INFO -   Извлечено участников: 1
2026-07-10 11:32:47,288 - INFO - [192/225] Обрабатывается: ДДУ 76 Рядинская Дом рф МСК_signed.pdf
2026-07-10 11:32:47,546 - INFO - Найден в шапке: Рядинская Александра Александровна
2026-07-10 11:32:47,913 - INFO - Участник 1: Рядинская Александра Александровна
2026-07-10 11:32:47,917 - INFO -   Извлечено участников: 1
2026-07-10 11:32:47,922 - INFO - [193/225] Обрабатывается: ДДУ 76 Рядинская Дом рф МСК.pdf
2026-07-10 11:32:48,238 - INFO - Найден в шапке: Рядинская Александра Александровна
2026-07-10 11:32:48,613 - INFO - Участник 1: Рядинская Александра Александровна
2026-07-10 11:32:48,617 - INFO -   Извлечено участников: 1
2026-07-10 11:32:48,618 - INFO - [194/225] Обрабатывается: Договор долевого участия.pdf
2026-07-10 11:32:48,879 - INFO - Найден в шапке: Юрченко Юлия Николаевна
2026-07-10 11:32:49,158 - INFO - Участник 1: Юрченко Юлия Николаевна
2026-07-10 11:32:49,162 - INFO -   Извлечено участников: 1
2026-07-10 11:32:49,165 - INFO - [195/225] Обрабатывается: Договор долевого участия_stamps.pdf
2026-07-10 11:32:49,540 - INFO - Найден в шапке: Юрченко Юлия Николаевна
2026-07-10 11:32:49,970 - INFO - Участник 1: Юрченко Юлия Николаевна
2026-07-10 11:32:49,973 - INFO -   Извлечено участников: 1
2026-07-10 11:32:49,978 - INFO - [196/225] Обрабатывается: 1_ДДУ_Шарапов Михаил Андреевич.pdf
2026-07-10 11:32:50,308 - INFO - Найден в шапке: Шарапов Михаил Андреевич
2026-07-10 11:32:50,415 - WARNING - Раздел 'Участники долевого строительства' не найден в реквизитах
2026-07-10 11:32:50,419 - INFO - Участник 1: Шарапов Михаил Андреевич
2026-07-10 11:32:50,424 - INFO -   Извлечено участников: 1
2026-07-10 11:32:50,429 - INFO - [197/225] Обрабатывается: 2_ДДУ_Шарапов Михаил Андреевич.pdf
2026-07-10 11:32:50,752 - INFO - Найден в шапке: Шарапов Михаил Андреевич
2026-07-10 11:32:50,862 - WARNING - Раздел 'Участники долевого строительства' не найден в реквизитах
2026-07-10 11:32:50,864 - INFO - Участник 1: Шарапов Михаил Андреевич
2026-07-10 11:32:50,868 - INFO -   Извлечено участников: 1
2026-07-10 11:32:50,871 - INFO - [198/225] Обрабатывается: Договор долевого участия.pdf
2026-07-10 11:32:51,212 - INFO - Найден в шапке: Узакова Мавжудахон Абдуганиевна
2026-07-10 11:32:51,622 - INFO - Участник 1: Узакова Мавжудахон Абдуганиевна
2026-07-10 11:32:51,626 - INFO -   Извлечено участников: 1
2026-07-10 11:32:51,629 - INFO - [199/225] Обрабатывается: Договор долевого участия_stamps.pdf
2026-07-10 11:32:51,891 - INFO - Найден в шапке: Узакова Мавжудахон Абдуганиевна
2026-07-10 11:32:52,536 - INFO - Участник 1: Узакова Мавжудахон Абдуганиевна
2026-07-10 11:32:52,539 - INFO -   Извлечено участников: 1
2026-07-10 11:32:52,543 - INFO - [200/225] Обрабатывается: ДДУ+КД+ДСЖЗ.pdf
2026-07-10 11:32:52,767 - WARNING - Не найдено 'Устава, и'
2026-07-10 11:32:52,769 - WARNING - Участники не найдены в шапке C:\Users\solooong\Downloads\Зарегистрированные дду квартиры\Зарегистрированные дду квартиры\_extracted\BC-2026-03-12-632926\ДДУ+КД+ДСЖЗ.pdf
2026-07-10 11:32:52,776 - INFO -   Извлечено участников: 0
2026-07-10 11:32:52,778 - INFO - [201/225] Обрабатывается: ДДУ+КД+ДСЖЗ_signed.pdf
2026-07-10 11:32:53,009 - WARNING - Не найдено 'Устава, и'
2026-07-10 11:32:53,010 - WARNING - Участники не найдены в шапке C:\Users\solooong\Downloads\Зарегистрированные дду квартиры\Зарегистрированные дду квартиры\_extracted\BC-2026-03-12-632926\ДДУ+КД+ДСЖЗ_signed.pdf
2026-07-10 11:32:53,018 - INFO -   Извлечено участников: 0
2026-07-10 11:32:53,020 - INFO - [202/225] Обрабатывается: ДДУ+КД+ДСЖЗ.pdf
2026-07-10 11:32:53,250 - WARNING - Не найдено 'Устава, и'
2026-07-10 11:32:53,254 - WARNING - Участники не найдены в шапке C:\Users\solooong\Downloads\Зарегистрированные дду квартиры\Зарегистрированные дду квартиры\_extracted\BC-2026-03-12-632926\Отправлено в Росреестр\ДДУ+КД+ДСЖЗ.pdf
2026-07-10 11:32:53,259 - INFO -   Извлечено участников: 0
2026-07-10 11:32:53,261 - INFO - [203/225] Обрабатывается: ДДУ 81 Кильп Альфа банк.pdf
2026-07-10 11:32:53,525 - INFO - Найден в шапке: Кильп Николай Сергеевич
2026-07-10 11:32:53,845 - INFO - Участник 1: Кильп Николай Сергеевич
2026-07-10 11:32:53,848 - INFO -   Извлечено участников: 1
2026-07-10 11:32:53,851 - INFO - [204/225] Обрабатывается: ДДУ 81 Кильп Альфа банк_signed.pdf
2026-07-10 11:32:54,234 - INFO - Найден в шапке: Кильп Николай Сергеевич
2026-07-10 11:32:54,432 - INFO - Участник 1: Кильп Николай Сергеевич
2026-07-10 11:32:54,434 - INFO -   Извлечено участников: 1
2026-07-10 11:32:54,440 - INFO - [205/225] Обрабатывается: ДДУ 81 Кильп Альфа банк.pdf
2026-07-10 11:32:54,708 - INFO - Найден в шапке: Кильп Николай Сергеевич
2026-07-10 11:32:55,027 - INFO - Участник 1: Кильп Николай Сергеевич
2026-07-10 11:32:55,030 - INFO -   Извлечено участников: 1
2026-07-10 11:32:55,034 - INFO - [206/225] Обрабатывается: Договор долевого участия.pdf
2026-07-10 11:32:55,303 - INFO - Найден в шапке: Мишин Павел Дмитриевич
2026-07-10 11:32:55,790 - INFO - Участник 1: Мишин Павел Дмитриевич
2026-07-10 11:32:55,793 - INFO -   Извлечено участников: 1
2026-07-10 11:32:55,798 - INFO - [207/225] Обрабатывается: ДДУ 84 Руина Альфа банк.pdf
2026-07-10 11:32:56,088 - INFO - Найден в шапке: Руина Светлана Анатольевна
2026-07-10 11:32:56,415 - INFO - Участник 1: Руина Светлана Анатольевна
2026-07-10 11:32:56,418 - INFO -   Извлечено участников: 1
2026-07-10 11:32:56,421 - INFO - [208/225] Обрабатывается: ДДУ 84 Руина Альфа банк_signed.pdf
2026-07-10 11:32:56,722 - INFO - Найден в шапке: Руина Светлана Анатольевна
2026-07-10 11:32:56,930 - INFO - Участник 1: Руина Светлана Анатольевна
2026-07-10 11:32:56,934 - INFO -   Извлечено участников: 1
2026-07-10 11:32:56,938 - INFO - [209/225] Обрабатывается: ДДУ 84 Руина Альфа банк.pdf
2026-07-10 11:32:57,358 - INFO - Найден в шапке: Руина Светлана Анатольевна
2026-07-10 11:32:57,681 - INFO - Участник 1: Руина Светлана Анатольевна
2026-07-10 11:32:57,688 - INFO -   Извлечено участников: 1
2026-07-10 11:32:57,692 - INFO - [210/225] Обрабатывается: Договор долевого участия.pdf
2026-07-10 11:32:57,960 - INFO - Найден в шапке: Шемчук Евгения Валентиновна
2026-07-10 11:32:57,962 - INFO - Найден в шапке: Шемчук Владимир Александрович
2026-07-10 11:32:58,217 - INFO - Участник 1: Шемчук Евгения Валентиновна
2026-07-10 11:32:58,220 - INFO - Участник 2: Шемчук Владимир Александрович
2026-07-10 11:32:58,223 - INFO -   Извлечено участников: 2
2026-07-10 11:32:58,226 - INFO - [211/225] Обрабатывается: Договор долевого участия_stamps.pdf
2026-07-10 11:32:58,494 - INFO - Найден в шапке: Шемчук Евгения Валентиновна
2026-07-10 11:32:58,497 - INFO - Найден в шапке: Шемчук Владимир Александрович
2026-07-10 11:32:59,153 - WARNING - Раздел 'Участники долевого строительства' не найден в реквизитах
2026-07-10 11:32:59,156 - INFO - Участник 1: Шемчук Евгения Валентиновна
2026-07-10 11:32:59,161 - INFO - Участник 2: Шемчук Владимир Александрович
2026-07-10 11:32:59,167 - INFO -   Извлечено участников: 2
2026-07-10 11:32:59,171 - INFO - [212/225] Обрабатывается: Договор долевого участия.pdf
2026-07-10 11:32:59,434 - INFO - Найден в шапке: Алоян Мелине Торниковна
2026-07-10 11:32:59,849 - INFO - Участник 1: Алоян Мелине Торниковна
2026-07-10 11:32:59,851 - INFO -   Извлечено участников: 1
2026-07-10 11:32:59,853 - INFO - [213/225] Обрабатывается: Договор долевого участия_stamps.pdf
2026-07-10 11:33:00,114 - INFO - Найден в шапке: Алоян Мелине Торниковна
2026-07-10 11:33:00,766 - INFO - Участник 1: Алоян Мелине Торниковна
2026-07-10 11:33:00,770 - INFO -   Извлечено участников: 1
2026-07-10 11:33:00,772 - INFO - [214/225] Обрабатывается: Договор долевого участия.pdf
2026-07-10 11:33:01,056 - INFO - Найден в шапке: Алексеева Александра Сергеевна
2026-07-10 11:33:01,424 - INFO - Участник 1: Алексеева Александра Сергеевна
2026-07-10 11:33:01,428 - INFO -   Извлечено участников: 1
2026-07-10 11:33:01,430 - INFO - [215/225] Обрабатывается: Договор долевого участия_stamps.pdf
2026-07-10 11:33:01,811 - INFO - Найден в шапке: Алексеева Александра Сергеевна
2026-07-10 11:33:02,340 - INFO - Участник 1: Алексеева Александра Сергеевна
2026-07-10 11:33:02,342 - INFO -   Извлечено участников: 1
2026-07-10 11:33:02,346 - INFO - [216/225] Обрабатывается: ДДУ 90 Бакурадзе соб средства.pdf
2026-07-10 11:33:02,615 - INFO - Найден в шапке: Бакурадзе Анета Сергеевна
2026-07-10 11:33:02,617 - INFO - Найден в шапке: согласия законного представителя Гвоздева Светлана Владимировна
2026-07-10 11:33:02,941 - INFO - Участник 1: Бакурадзе Анета Сергеевна
2026-07-10 11:33:02,945 - INFO - Участник 2: согласия законного представителя Гвоздева Светлана Владимировна
2026-07-10 11:33:02,949 - INFO -   Извлечено участников: 2
2026-07-10 11:33:02,951 - INFO - [217/225] Обрабатывается: ДДУ 90 Бакурадзе соб средства_signed.pdf
2026-07-10 11:33:03,300 - INFO - Найден в шапке: Бакурадзе Анета Сергеевна
2026-07-10 11:33:03,304 - INFO - Найден в шапке: согласия законного представителя Гвоздева Светлана Владимировна
2026-07-10 11:33:03,567 - INFO - Участник 1: Бакурадзе Анета Сергеевна
2026-07-10 11:33:03,571 - INFO - Участник 2: согласия законного представителя Гвоздева Светлана Владимировна
2026-07-10 11:33:03,574 - INFO -   Извлечено участников: 2
2026-07-10 11:33:03,576 - INFO - [218/225] Обрабатывается: ДДУ 90 Бакурадзе соб средства.pdf
2026-07-10 11:33:03,851 - INFO - Найден в шапке: Бакурадзе Анета Сергеевна
2026-07-10 11:33:03,855 - INFO - Найден в шапке: согласия законного представителя Гвоздева Светлана Владимировна
2026-07-10 11:33:04,188 - INFO - Участник 1: Бакурадзе Анета Сергеевна
2026-07-10 11:33:04,190 - INFO - Участник 2: согласия законного представителя Гвоздева Светлана Владимировна
2026-07-10 11:33:04,194 - INFO -   Извлечено участников: 2
2026-07-10 11:33:04,198 - INFO - [219/225] Обрабатывается: Договор долевого участия.pdf
2026-07-10 11:33:04,478 - INFO - Найден в шапке: Москаленко Андрей Евгеньевич
2026-07-10 11:33:04,968 - INFO - Участник 1: Москаленко Андрей Евгеньевич
2026-07-10 11:33:04,973 - INFO -   Извлечено участников: 1
2026-07-10 11:33:04,976 - INFO - [220/225] Обрабатывается: Договор долевого участия_stamps.pdf
2026-07-10 11:33:05,279 - INFO - Найден в шапке: Москаленко Андрей Евгеньевич
2026-07-10 11:33:05,837 - INFO - Участник 1: Москаленко Андрей Евгеньевич
2026-07-10 11:33:05,841 - INFO -   Извлечено участников: 1
2026-07-10 11:33:05,846 - INFO - [221/225] Обрабатывается: Договор долевого участия.pdf
2026-07-10 11:33:06,110 - INFO - Найден в шапке: Хашем Хоссам Кадри Махмуд
2026-07-10 11:33:06,112 - INFO - Найден в шапке: Вагайцева Елена Николаевна
2026-07-10 11:33:06,470 - INFO - Участник 1: Хашем Хоссам Кадри Махмуд
2026-07-10 11:33:06,474 - INFO - Участник 2: Вагайцева Елена Николаевна
2026-07-10 11:33:06,479 - INFO -   Извлечено участников: 2
2026-07-10 11:33:06,481 - INFO - [222/225] Обрабатывается: Договор долевого участия_stamps.pdf
2026-07-10 11:33:06,740 - INFO - Найден в шапке: Хашем Хоссам Кадри Махмуд
2026-07-10 11:33:06,742 - INFO - Найден в шапке: Вагайцева Елена Николаевна
2026-07-10 11:33:07,381 - WARNING - Раздел 'Участники долевого строительства' не найден в реквизитах
2026-07-10 11:33:07,383 - INFO - Участник 1: Хашем Хоссам Кадри Махмуд
2026-07-10 11:33:07,386 - INFO - Участник 2: Вагайцева Елена Николаевна
2026-07-10 11:33:07,391 - INFO -   Извлечено участников: 2
2026-07-10 11:33:07,394 - INFO - [223/225] Обрабатывается: Договор долевого участия.pdf
2026-07-10 11:33:07,659 - INFO - Найден в шапке: Якубова Ульяна Сергеевна
2026-07-10 11:33:08,168 - INFO - Участник 1: Якубова Ульяна Сергеевна
2026-07-10 11:33:08,170 - INFO -   Извлечено участников: 1
2026-07-10 11:33:08,175 - INFO - [224/225] Обрабатывается: ДДУ 96 Воронина Дом рф.pdf
2026-07-10 11:33:08,450 - INFO - Найден в шапке: Воронина Наиля Равильевна
2026-07-10 11:33:08,837 - INFO - Участник 1: Воронина Наиля Равильевна
2026-07-10 11:33:08,840 - INFO -   Извлечено участников: 1
2026-07-10 11:33:08,846 - INFO - [225/225] Обрабатывается: ДДУ 96 Воронина Дом рф.pdf
2026-07-10 11:33:09,112 - INFO - Найден в шапке: Воронина Наиля Равильевна
2026-07-10 11:33:09,654 - INFO - Участник 1: Воронина Наиля Равильевна
2026-07-10 11:33:09,658 - INFO -   Извлечено участников: 1
2026-07-10 11:33:09,660 - INFO - Всего уникальных участников: 117
2026-07-10 11:33:09,776 - INFO - Данные сохранены в C:/Users/solooong/Downloads/Зарегистрированные дду квартиры/Зарегистрированные дду квартиры\participants.xlsx
2026-07-10 11:33:09,779 - INFO - Excel сохранён: C:/Users/solooong/Downloads/Зарегистрированные дду квартиры/Зарегистрированные дду квартиры\participants.xlsx
2026-07-10 11:33:09,782 - INFO - Шаблон акта не указан или не найден — акты не созданы
2026-07-10 11:33:09,787 - INFO - ============================================================
2026-07-10 11:33:09,791 - INFO - ОБРАБОТКА УСПЕШНО ЗАВЕРШЕНА
2026-07-10 11:33:09,794 - INFO - ============================================================
